,fid,mean_cruise_altitude,distance,takeoff_mass,landing_mass,mean_cruise_tas,mean_cruise_mach
0,ac1-436,37893.082638637185,1823.1233220853903,67204.24653320313,60763.23478393555,452.9368220450888,0.7759449075752082
1,ac1-292,37839.372458410355,999.8818401773586,62559.46059570313,58749.284631347655,441.1509548984245,0.6959667282809611
2,ac1-224,38998.57159976033,1290.0681841550422,57007.489904785165,52634.85939331055,443.0780266793511,0.6980778909526661
3,ac1-578,37999.7303860523,1192.69992134031,55428.98843383789,51491.80660400391,442.28982634161133,0.744
4,ac1-481,36964.346128822384,1976.9247797112364,70959.99141235353,63756.94447021485,452.60328018946905,0.7600234222511385
5,ac1-466,37516.76035502958,1164.8365007277782,56644.61600341797,52671.146783447264,439.8637112788193,0.0
7,ac1-514,33052.9011177988,977.0246308497389,59946.76850585938,56281.74210205078,427.69425909695804,0.6799999999999999
8,ac1-147,36998.056521739134,1166.6769587463332,63049.34036254883,58821.8594116211,450.2113412673767,0.7380028985507245
10,ac1-344,37001.02297090352,1339.1519678224124,55193.12039794923,50929.35205688476,448.57455426502787,0.766752424706483
11,ac1-122,35967.6654676259,972.889698345448,54721.38432617187,51292.22595825196,435.6539145663819,0.7599999999999999
12,ac1-150,34991.86901030005,2610.717502750449,66932.09110717774,58132.39899902343,454.52700409607206,0.45399999999999996
13,ac1-398,36001.85285655569,1725.7808846456096,68075.14389648438,61833.71279296876,450.9045838454776,0.7640049321824907
15,ac1-526,37750.36363636364,1836.9957995276952,62994.90927734375,56807.9092590332,446.72841295292403,0.0
17,ac1-410,34005.131955484896,995.7173056033832,58731.1409362793,55138.68931274414,432.6255963960953,0.7496311605723369
18,ac1-107,36984.83889173935,1420.0628964277437,67929.9943359375,62704.61015625,454.1707587706445,0.6799999999999998
20,ac1-181,35945.83432916893,1362.3183222635994,63629.93860473632,58712.99724121094,448.57439557492637,0.7679999999999999
21,ac1-078,37351.02314647378,1801.0502431355285,60073.774371337895,54158.929779052734,450.8464181600361,0.7575508137432188
22,ac1-243,36831.91910791911,1802.0100500423969,66378.70840759277,60146.34915161133,451.5215088375878,0.7557633717633717
23,ac1-272,35975.48422465876,2664.217352419663,69581.0705871582,60581.79783325196,447.5834424823827,0.7040000000000001
25,ac1-407,36966.73199783433,1398.877091927082,64718.5603088379,59783.47525024415,453.2360363446343,0.767265836491608
26,ac1-227,34988.47095959596,1237.221095075975,65589.45767211914,61162.39607543946,446.0469481522171,0.743530303030303
27,ac1-419,36450.49603769544,2822.076300642816,66170.05591430663,56971.20251464844,442.4102743118745,0.6968926965088883
28,ac1-287,38868.1606122449,2883.770215801136,59239.16439819336,50802.34619140625,446.96958274794827,0.32788734693877547
29,ac1-083,36988.0253164557,1713.3236516034983,64065.38728637695,58059.82421875,450.88523442986343,0.72809799918334
31,ac1-420,34976.1708566108,2629.441128668723,71413.58378906251,62087.72452392578,456.70949459347645,0.7235959031657354
32,ac1-133,37001.6872224963,1524.645177611767,65916.04418334962,60708.80369873047,453.3902338685048,0.0
33,ac1-242,37890.7695262484,1246.441066843438,61579.70106201172,57098.20838012696,448.81773764348236,0.7599999999999999
34,ac1-600,35999.81333333333,1183.8408290563566,63303.35209350586,58858.146801757815,446.5389125003749,0.7679822222222221
35,ac1-116,37991.89310906131,1303.0230166839838,55519.70690917969,51274.0822631836,436.9036822751732,0.7740010851871948
38,ac1-226,35996.9542042042,1201.1131907691747,67349.39609375,62650.17907104492,451.5504536816935,0.7599999999999999
39,ac1-245,36957.05674603175,1832.5976867085424,66115.62482910157,56118.44884643555,452.29940326076485,0.696
40,ac1-162,37893.50709219858,1814.7199866102976,60019.34328613282,54086.354998779294,446.62440153319596,0.7675659574468083
41,ac1-225,36347.21106166561,1403.4614839722278,67657.83890991211,62468.74212036133,450.92814254503503,0.7679999999999999
42,ac1-342,35940.00697883836,2627.193500630588,66297.06177978516,57642.519232177736,445.1236298992087,0.762754615038271
43,ac1-573,34965.71163780006,2079.204687161709,70560.83012084961,63103.77144775391,451.0568192647162,0.7435515041020966
44,ac1-073,35170.0056710775,1787.935728484231,68583.16735839844,62214.7303894043,450.96093028135374,0.738570888468809
46,ac1-318,31999.545221295703,1078.8180448962396,56771.62186889648,52870.72742919922,419.6732428222947,0.7599999999999999
47,ac1-348,36847.89523121387,1825.86977130113,68365.44301757813,61870.00018310547,451.2522429511463,0.7599999999999998
49,ac1-303,32909.056534508076,1105.332029088024,65444.30811157226,53415.03828125,447.8900813853791,0.7428722466960351
50,ac1-424,34965.75397008055,2667.332218554802,72066.75681152343,62595.74798583984,446.40091338075155,0.759530494821634
51,ac1-213,32859.95257903494,1096.8358065071882,69163.76560058593,64700.41661376953,449.2397252970277,0.76
52,ac1-322,35536.543012543014,2671.844924139208,70089.09404907227,60835.80956420898,448.4967260483009,0.7554054834054834
56,ac1-400,35992.01668984701,2199.0513333437625,64446.4048828125,57080.0646850586,443.8865356144829,0.7521479833101529
57,ac1-378,37958.63954002654,1568.8802738786555,62795.3286315918,57243.35794067383,441.5512736650742,0.719688633348076
60,ac1-168,37998.38196555218,1802.6780827743296,62904.19080200196,51582.52507934571,437.6203821330867,0.0
62,ac1-278,36869.245969711774,2587.823439293875,71631.30812988282,55664.85646972657,444.9635503453422,0.7654010747435273
65,ac1-558,34949.342070773266,830.1061693717351,60672.51630859375,57297.78902587891,444.4716255592164,0.7599999999999999
66,ac1-454,35841.751522533494,980.620661638386,61416.40780639648,57606.231842041016,437.2679054387274,0.0
67,ac1-277,37000.64877505568,2880.1993669412627,65135.86529541016,55574.13799438477,454.95849032449496,0.7759999999999999
68,ac1-550,38110.289402784016,2655.0648891586043,64410.11749267578,55882.58081054688,450.678678764583,0.7562981589582398
70,ac1-371,37003.625250501005,1005.6582486392798,65607.6013671875,61434.55150146485,447.95900810656747,0.7599999999999998
71,ac1-297,36942.187141947805,1410.6918958510862,69290.77146606446,64083.53098144531,454.4594923678539,0.18142075111394013
72,ac1-305,36984.145880574455,1828.9291537014776,64645.98552856445,58386.41072998048,452.54578010108435,0.7461496598639454
74,ac1-115,35967.72448657188,1262.121729586763,66641.79198608399,61888.14387817383,450.2951727681108,0.760821484992101
75,ac1-564,37992.880786562884,1665.2467251735889,63303.35209350586,57696.95031738281,448.09881524957456,0.7692568619418271
76,ac1-294,33999.27856135402,1786.8324493448767,66877.66002197267,60454.79196777343,440.5435622200757,0.0
77,ac1-036,35987.93530701754,2763.2503822534345,68419.8741027832,58967.00897216797,451.39521647852575,0.7542421052631577
78,ac1-156,36301.93013199818,2581.7646059676736,63775.0881652832,55265.69517822266,443.60054608018896,0.7360000000000001
79,ac1-572,37997.07941070787,2027.245535601863,63575.50751953125,56680.90339355469,448.4839823544362,0.7415292849443045
80,ac1-017,34598.511577424026,1179.6965219845113,68238.43715209962,63521.076434326176,454.0438460425579,0.7279999999999999
81,ac1-025,33001.6303030303,1084.8988024450691,64700.41661376953,60491.07935791016,445.48589129066994,0.7285783549783548
82,ac1-008,37183.10309892729,1286.2286088761757,59620.18199462891,55265.69517822266,447.2074892991358,0.7599999999999999
84,ac1-138,35321.875114784205,987.4999185470576,55610.425384521484,52054.26115112305,430.01883976932726,0.7606868686868686
85,ac1-021,36954.49463087248,2057.263042523699,70016.51926879883,62015.14974365235,453.6029406366379,0.7759999999999998
87,ac1-130,37898.1536351166,1230.869452827176,63684.369689941406,59148.44592285156,449.5097167943732,0.7679999999999998
88,ac1-087,32969.2591442374,1732.1173460444131,63865.80664062501,57696.95031738281,449.25145623074224,0.7359999999999998
89,ac1-146,35354.89509043928,973.2226793147648,56626.472308349614,53088.451770019536,435.96320050741093,0.738625322997416
90,ac1-222,38955.068322981366,1390.668813872262,56281.74210205078,51509.95029907227,443.2650024172878,0.7678735177865612
91,ac1-137,37000.63940520446,1130.900497082302,62178.44299926758,58005.39313354492,450.4455414286478,0.7600706319702601
92,ac1-394,37953.76728334956,1018.5724751352516,63720.65708007813,59765.33155517578,445.23666688788575,0.7213125608568648
93,ac1-114,38758.59660766961,1220.2105478233177,62196.586694335936,57769.52509765625,446.66502403717215,0.7532359882005898
95,ac1-345,36865.26500638569,1203.97467491952,54630.66585083008,50566.47815551758,433.24917649163575,0.7471392081736907
96,ac1-599,36706.52107279693,1143.117535713383,65126.79344787598,60962.8154296875,450.10732813884533,0.7647877394636013
99,ac1-131,37997.02144035184,1372.3969505668383,61724.8506225586,56989.3462097168,450.09162364069925,0.7679934029686641
100,ac1-167,33393.74695222405,1956.7652365895424,69708.07645263673,62795.3286315918,450.5560152522434,0.0
102,ac1-161,36874.99873777217,2046.4173045363543,70887.41663208009,63648.08229980469,453.24702155070656,0.7599999999999999
103,ac1-515,36884.06899109792,1144.1253190576806,65462.45180664063,61107.96499023438,451.98292305945483,0.6799999999999999
104,ac1-149,36400.32253741345,2822.8162143331792,66260.77438964845,57098.20838012696,451.3276450538885,0.0
105,ac1-384,33122.836492890994,1089.6516663518933,60890.24064941406,56771.62186889648,440.0590826826695,0.7599999999999999
107,ac1-169,35000.57387862797,2757.882720009225,60227.99577941894,51437.37551879883,437.6692856252114,0.0
108,ac1-332,35636.8077470806,2094.207021728448,62577.60429077149,55846.29342041016,441.95345275638795,0.7598473369410423
109,ac1-592,35941.06669820246,1582.5988655961269,61906.28757324219,56553.89752807618,450.9139126681345,0.7660510879848628
110,ac1-408,37994.321722609246,1256.1533730621543,60817.66586914063,56390.60427246094,446.7344962557175,0.7779708676377454
112,ac1-442,34000.08227311281,1504.3739954707837,56553.89752807618,51528.09399414063,443.43060082222536,0.7264088210347752
113,ac1-051,34961.077313549395,1769.488805666334,71540.58965454102,65135.86529541016,458.0211338639349,0.0
115,ac1-096,34000.228485657106,1793.5138177602137,59583.89460449219,53451.32567138672,439.1108200126472,0.744368245496998
118,ac1-274,33774.22191011236,1031.9670376931915,65825.32570800782,61779.28170776367,451.29007180512656,0.7839999999999999
119,ac1-282,36430.37824190957,2503.1380740806667,61216.82716064453,53034.02068481446,437.5304070635797,0.7680000000000001
120,ac1-452,30012.80958967266,1383.2958982160624,58858.146801757815,53542.04414672852,417.1559176126853,0.6947680958967265
121,ac1-250,37904.348654244306,1588.072087960067,60962.8154296875,55701.14385986329,442.3194984927716,0.7451594202898549
122,ac1-309,32998.86914765906,1491.8427554233615,64718.5603088379,59257.30809326172,448.0557341888721,0.6800768307322929
123,ac1-200,37997.14633273703,1757.1758794321088,59257.30809326172,53542.04414672852,443.147013792236,0.0
124,ac1-365,35988.22994911558,2543.274526478428,67349.39609375,58694.85354614258,453.5449714376226,0.7720436152168646
125,ac1-560,37992.8784184514,1891.2179088211287,61488.982586669925,55265.69517822266,449.49475154609416,0.768
126,ac1-129,35000.449969306326,1294.176410496489,67294.96500854492,62450.59842529298,450.2824408933675,0.736
127,ac1-369,37985.975433526015,1836.5738119596097,64881.85356445313,58422.6981201172,445.8649533514405,0.773293352601156
128,ac1-457,36291.71121664405,2599.391990440916,65952.33157348633,57370.363806152345,446.54336533320134,0.7680000000000001
130,ac1-264,33916.84561482821,2579.5033819070595,69381.48994140625,60309.642407226565,447.4842210293412,0.7177224231464739
131,ac1-257,37024.88033175356,1270.465450986334,59665.5412322998,55483.419519042975,448.97765913548756,0.7759999999999999
132,ac1-563,36977.21229050279,1701.097240331412,64718.5603088379,58785.572021484375,449.4917123683437,0.7599489225857939
133,ac1-291,36994.26156299841,1130.0708812022303,68964.184954834,64537.12335815429,455.0879812061644,0.696
134,ac1-088,37911.54453781513,1620.1169609324097,60835.80956420898,55392.70104370117,452.22555357780124,0.6965193277310923
135,ac1-165,37881.42971246006,1393.3361984365124,59184.73331298828,54449.22890014649,446.7168733167182,0.7639999999999999
136,ac1-323,35112.67135382603,1977.1566551842984,66605.50459594726,59747.18786010743,446.58633770638295,0.744
138,ac1-004,37000.996860282576,811.2129118151908,59202.87700805664,56100.3051513672,442.98105682749593,0.7314976452119308
139,ac1-007,37212.82611781405,1236.1929157933398,67004.66588745118,62214.7303894043,450.43833968482596,0.7599999999999999
141,ac1-068,38001.34079903147,1276.451775744979,58803.71571655273,54467.372595214845,446.8334590658723,0.758772397094431
142,ac1-255,32983.24349881797,1582.5475770540063,57987.24943847657,52580.42830810548,451.58746529405187,0.7599999999999999
143,ac1-084,37685.02482578397,1640.513031376844,58967.00897216797,53705.33740234375,441.363355528855,0.728
144,ac1-595,36826.06875,1281.5982682260778,63457.57350158692,58767.42832641602,448.0734759156183,0.6656225
149,ac1-587,34981.34890965732,1755.2008304581425,69871.36970825196,63593.65121459961,452.2318245527275,0.7599999999999999
150,ac1-591,34910.268724696354,1699.0658793339344,69363.3462463379,63013.05297241212,450.75961434099395,0.744242914979757
151,ac1-196,37951.7037037037,1305.9204223924996,61870.00018310547,57043.77729492188,446.2808757194102,0.0021818181818181815
152,ac1-516,35939.46213292117,1084.323914697742,58477.12920532227,54576.234765625006,447.82848354238354,0.6799999999999998
153,ac1-099,32989.27125506073,1397.5146432548884,67639.69521484376,62450.59842529298,447.87765181485184,0.7007914979757084
154,ac1-546,34965.83804769828,994.3114111066972,60763.23478393555,56989.3462097168,440.00711186452565,0.7019944536882973
156,ac1-108,37987.02598936798,1256.154045751524,54503.65998535156,50258.03533935548,439.76243800744624,0.6829178972238629
157,ac1-543,36905.82914226662,1935.180855735096,67421.97087402343,60708.80369873047,450.95150123074495,0.7401033413709955
158,ac1-153,36909.621792175014,1674.283848058905,63720.65708007813,58023.53682861329,452.42104793336443,0.0
159,ac1-081,36836.800460475824,1107.4791263497902,61634.1321472168,57388.5075012207,451.4480193048726,0.0
160,ac1-328,37992.30736543909,1254.5329998143773,63847.66294555664,59003.29636230469,448.9026602284799,0.7584164305949008
161,ac1-038,38858.771922925676,1739.61579000509,62740.897546386725,56934.91512451172,446.96185047450103,0.7591584742430199
162,ac1-556,34182.417509948835,2544.09116696857,65553.17028198243,56953.05881958008,451.72573663080055,0.17844411597498577
164,ac1-425,37494.25388147824,2776.1047708415704,62105.86821899415,53269.88872070313,446.5311729267497,0.04059129674174502
165,ac1-091,36999.75416364953,1825.22205897463,63784.16001281738,57588.08814697266,453.07390838996105,0.0
167,ac1-566,34001.5472473295,987.8571459172716,62976.7655822754,59057.727447509766,440.4320916124709,0.648
168,ac1-397,37000.276971361316,1722.4279583131724,64881.85356445313,59057.727447509766,450.59014299083526,0.7640047077285209
171,ac1-430,37365.74249249249,1113.6786895886462,54793.95910644532,50838.63358154297,445.72332911034744,0.7417177177177176
172,ac1-238,38762.133251833744,1264.2750627416094,61851.85648803711,57388.5075012207,446.29152774175265,0.7591002444987774
173,ac1-023,36648.22061620388,1749.9103375465131,62922.33449707032,56971.20251464844,451.8961351453039,0.0
174,ac1-002,30017.98300042499,1373.0142998033557,63629.93860473632,58513.41659545898,418.76011346538075,0.7279999999999998
175,ac1-211,32988.300878197784,1749.800211443828,69327.05885620117,62958.62188720704,448.6029649973444,0.7599999999999999
176,ac1-100,37934.809812235006,1249.6073518289154,54195.217169189455,49949.59252319336,432.9825563008539,0.7592295578437309
177,ac1-092,37945.35369500214,1569.5142871914495,59475.03243408203,54304.079339599615,438.6206451827055,0.6799999999999998
178,ac1-269,36853.4200123533,2090.746549574007,70052.80665893556,62740.897546386725,455.05022830422905,0.7605250154416306
182,ac1-136,36661.30309988519,845.9838058487588,55102.40192260742,51999.830065917966,441.40250739692146,0.7566796785304247
183,ac1-549,36992.75915889876,2730.574059872218,62886.04710693359,54213.36086425781,448.8547043339151,0.7279999999999999
184,ac1-553,36455.80047048759,2945.315953132032,69635.50167236329,59656.46938476562,452.12612762281935,0.0
185,ac1-254,37280.65072463768,1467.15965499553,56408.7479675293,51618.81246948243,442.54177427907035,0.7599999999999999
186,ac1-090,36759.68101761252,1021.2237116000744,57297.78902587891,53632.76262207031,437.00731352942205,0.16999999999999996
187,ac1-095,33001.08185840708,1929.2848066200088,66297.06177978516,59674.61307983399,449.5792221973483,0.0
188,ac1-429,35607.15105008078,1071.0990288251576,65498.739196777344,61416.40780639648,450.2056067348456,0.7397867528271405
189,ac1-486,37981.26213592233,1626.8869190541734,62323.59255981445,56590.18491821289,444.05279691505706,0.7599999999999999
190,ac1-212,37980.357997341605,1606.661550706814,62759.04124145508,57025.63359985352,444.16575864110155,0.7599999999999999
191,ac1-336,33994.99047282992,1797.0479779574437,66188.199609375,59783.47525024415,438.6510093193331,0.728
193,ac1-018,37968.1362346263,1037.241529034501,61089.82129516602,57315.93272094727,449.41950161402525,0.7626187322611163
195,ac1-223,36001.08449074074,1314.0128656951483,63811.37555541993,59075.87114257812,447.82641252907814,0.6559999999999998
196,ac1-103,36939.68455134135,2068.8361578237564,67966.28172607422,61089.82129516602,454.549912167258,0.0
197,ac1-050,34000.02182091798,1010.3486748565105,58259.40486450196,54503.65998535156,430.80499590889946,0.7619984951091046
198,ac1-033,37315.12456369983,2823.3286611833287,64482.69227294922,55211.264093017584,444.60768323269684,0.7611858638743456
199,ac1-584,37320.889270386266,998.125441981092,62505.02951049805,58712.99724121094,443.5104870723605,0.06260944206008583
200,ac1-324,35998.267895545316,2035.070016728888,63974.66881103516,57261.501635742185,449.01812270641796,0.7439999999999999
201,ac1-198,37001.27488464074,1227.4212040072396,62613.89168090821,58132.39899902343,447.87806982692206,0.7199999999999999
202,ac1-329,35999.99495204442,1368.0267047718912,57061.92098999024,52435.278747558594,440.01299607949863,0.728
203,ac1-217,33001.10031678986,1137.0209631029052,69091.1908203125,64555.26705322266,451.07361706867084,0.6159999999999999
205,ac1-547,37999.479976442875,1317.688887901588,60327.78610229492,55810.00603027344,449.1833272076357,0.7019999999999997
206,ac1-567,36436.50655976676,1165.3869923874631,64010.95620117187,59583.89460449219,449.77983358634924,0.7598542274052477
207,ac1-327,36129.44902386117,1279.0057800995603,66587.3609008789,61488.982586669925,447.1644957202698,0.7343716558206795
212,ac1-482,37686.73554019644,1868.1939056699,66805.08524169921,59674.61307983399,449.51509284893785,0.7759999999999999
213,ac1-511,36998.839689004075,1763.9673413546616,65081.43421020508,59039.58375244141,452.0257633854578,0.5100629396519807
215,ac1-601,36913.58926615553,1474.886020953864,68020.7128112793,62595.74798583984,450.96446394971963,0.767382256297919
216,ac1-248,37729.59137055837,1445.09918024933,57805.81248779297,52925.15851440431,440.1119120973765,0.6479999999999999
217,ac1-380,36982.90684830633,1832.3781116878995,67857.41955566406,61507.12628173828,449.8431686578927,0.7600029455081
218,ac1-053,36995.58917331095,2781.1626014836647,66859.5163269043,57896.53096313476,450.202445298199,0.7587343684431388
219,ac1-364,36818.877701047,2624.697492751769,64990.71573486328,56608.32861328126,448.9555671328644,0.7599982178658942
221,ac1-544,37990.173169062284,1902.4798275811224,64047.243591308594,57660.66292724609,449.06685643437004,0.744
222,ac1-034,35984.2691311514,2629.989438586573,70070.9503540039,60672.51630859375,448.69864075571684,0.7739222980927714
224,ac1-214,33989.1944216571,1011.5698208101352,63103.77144775391,59021.440057373045,438.41494194456715,0.6799999999999998
225,ac1-112,38957.227636363634,1227.4602373081514,62541.31690063477,58150.5426940918,446.19333033636156,0.7599883636363635
226,ac1-377,33001.10380881255,1744.3432730676311,69091.1908203125,62813.47232666016,451.70804827198054,0.7279999999999998
228,ac1-273,38963.40729247479,1140.0460374519485,61688.56323242188,57152.63946533203,448.7547660247903,0.7605492629945693
233,ac1-132,36859.197064989516,1214.5121916371056,64863.709869384766,60128.20545654297,446.7870551261395,0.7432592592592592
234,ac1-494,38086.156820622986,2716.354858858136,63738.80077514648,54975.396057128906,445.54542108758653,0.7531944146079486
236,ac1-111,36001.05913978495,1368.4873909473226,63339.639483642575,58604.13507080078,447.2465199212844,0.1937032258064516
237,ac1-145,32976.32436472347,1130.8918272408418,65117.7216003418,60654.3726135254,447.93402404593155,0.74660687593423
239,ac1-500,36000.92250673854,1179.0827561799958,60872.0969543457,56699.04708862305,445.0187374670157,0.0
240,ac1-006,35973.14387333639,2601.4635004117054,69798.79492797851,60890.24064941406,449.8595350650942,0.7599999999999999
241,ac1-028,33998.55872093023,1135.7606942279706,54757.6717163086,50893.06466674805,418.1726756843933,0.6966999999999998
243,ac1-077,32839.17478232828,1963.0638412837568,68038.85650634766,61126.10868530274,458.836654391651,0.639436310867462
244,ac1-076,38001.96765957447,1670.2303508984758,63412.21426391602,54685.09693603516,449.40912596798194,0.7842655319148936
245,ac1-368,36960.32601192344,1985.3822194435345,62450.59842529298,55900.72450561523,449.4189273217405,0.7698111076247254
246,ac1-321,36959.70728643216,2887.4534912765216,64809.27878417969,55483.419519042975,449.9992528166002,0.19525209380234504
247,ac1-313,38989.46415732713,2819.486186596415,62958.62188720704,54177.0734741211,445.59608130954734,0.7328433072531191
248,ac1-455,37999.00621118012,1305.8813404070945,62414.31103515625,57823.95618286133,448.4559547858564,0.7959950310559005
249,ac1-451,32999.971512770135,1464.3442203907637,67821.13216552735,62341.73625488282,447.72180161549784,0.7759999999999999
250,ac1-279,36979.78875334722,2080.1878020149534,64863.709869384766,57842.099877929686,449.8816363024561,0.728
251,ac1-082,36115.00189513582,1019.0869548605962,57334.076416015625,53596.47523193359,448.41388377719085,0.7459305116866707
252,ac1-445,36979.22293739029,1272.28011291471,62441.52657775879,57969.10574340821,448.0923365728406,0.757331772966647
253,ac1-220,36489.13873239436,1154.4718187337464,58622.27876586914,54576.234765625006,438.09606216714946,0.7590873239436619
254,ac1-258,37707.70655633355,1157.110861385359,55501.56321411133,47953.78606567384,428.2012556941967,0.7689166136218969
256,ac1-201,36313.84735062007,2725.69290657518,68782.74800415039,59565.75090942384,449.81999332953484,0.7609948139797067
258,ac1-513,32996.83346613546,1109.1912550325385,64446.4048828125,60146.34915161133,444.7438050532479,0.6799999999999999
259,ac1-306,33995.45279934614,1582.4321892883152,65571.31397705078,59874.19372558594,439.16962502050967,0.7659975480179811
260,ac1-552,35947.52335579828,2721.0447883811803,73354.95916137696,63394.07056884766,452.25870945556477,0.7657838717174065
261,ac1-179,36495.56202531645,1280.4626603722404,64500.83596801758,59765.33155517578,448.0657041354132,0.7399696202531645
262,ac1-441,33001.173128944996,1554.3308547492286,65553.17028198243,59983.05589599609,451.41465191966654,0.34800000000000003
263,ac1-152,35975.4738539507,2640.2837235182487,67113.52805786133,58204.97377929688,446.9060927045543,0.7576429394148815
264,ac1-067,37944.81444759207,1220.3585816725767,62251.01777954101,57914.674658203134,447.9909988451977,0.4711614730878186
265,ac1-343,34359.3597058168,2560.776678505168,63684.369689941406,55174.97670288086,436.89195831841795,0.7599999999999999
266,ac1-251,33260.538794801105,1781.123636391118,65535.026586914064,59166.589617919926,442.60136378812456,0.7039999999999998
267,ac1-049,36902.42649434572,1116.2698521338448,66297.06177978516,61942.57496337891,446.9764922650336,0.7561421647819061
269,ac1-026,30014.193236714975,1003.8582201408352,57551.80075683594,53741.62479248047,440.61154118664825,0.7288985507246376
270,ac1-483,36821.402489626555,1868.16376537264,63230.77731323242,57116.35207519532,449.3623207706631,0.2819723374827109
271,ac1-163,36999.196768060836,1096.0020928246518,65262.87116088867,60980.95912475586,451.11880571094935,0.0
273,ac1-012,36424.10730387737,1062.9387967915593,59221.020703125,55356.41365356446,437.57188106165995,0.6639999999999999
275,ac1-055,38953.228421052634,1086.5826418982515,63539.22012939453,59656.46938476562,450.0051494191982,0.0
276,ac1-134,30010.606451612904,1376.5766831285075,62831.616021728514,57769.52509765625,415.7762866481008,0.7214864516129031
277,ac1-218,37118.81635301752,985.8027709066558,62124.0119140625,58186.83008422851,442.0555646105225,0.6159999999999999
278,ac1-435,32994.80578109776,1987.6448444943248,69327.05885620117,62033.29343872071,464.14199131189656,0.7754413770704773
280,ac1-022,37988.31157894737,1836.1766673999607,62124.0119140625,55701.14385986329,442.6197892871052,0.7760182456140351
281,ac1-027,32979.14738393515,1232.7359384467525,61960.71865844727,57352.22011108399,438.64842244924057,0.71836109064112
282,ac1-522,33951.47960725075,1050.009065585735,57207.07055053711,53378.75089111329,423.57431469854185,0.03729003021148036
283,ac1-030,36805.293167283744,2072.4949231913824,62922.33449707032,55973.29928588867,444.0243955804983,0.044624705486368224
284,ac1-571,34950.75832540438,2053.361852684174,72266.3374572754,64863.709869384766,451.72901314938576,0.7039923882017127
286,ac1-270,37563.41905813098,1779.8625974699655,65480.59550170899,59184.73331298828,446.8567095234916,0.7728991905813097
287,ac1-029,35981.37877174299,1865.5779570173872,68020.7128112793,61561.557366943365,451.19204349833484,0.0
288,ac1-011,35609.75648414985,1160.146711951318,61724.8506225586,57370.363806152345,449.63987784863906,0.664
289,ac1-075,36877.31368892204,1787.8439443598934,69671.7890625,63357.78317871095,453.73083908736504,0.7376725102573666
291,ac1-202,37839.03492970123,2734.601336761854,64428.26118774415,55537.85060424805,450.45059859018875,0.7798418277680141
292,ac1-554,35974.691664833954,2761.737656342911,72030.46942138672,62341.73625488282,450.0347499135649,0.7454611831977128
294,ac1-148,38000.9075443787,1116.055915960691,56100.3051513672,52199.41071166992,443.17308050470916,0.7379999999999999
295,ac1-449,35000.63543191801,1139.202077162091,64555.26705322266,60309.642407226565,448.9449199710505,0.6219999999999999
296,ac1-577,36999.2736131934,1233.52767013022,64319.39901733399,59710.9004699707,449.6379361678295,0.6118020989505247
297,ac1-530,33545.83129175947,1303.6494111803054,63176.34622802734,58259.40486450196,437.4654268216694,0.6960089086859688
298,ac1-548,38900.26338199514,1308.4797803295162,61271.25824584961,56662.759698486334,446.7673358320963,0.7019999999999998
299,ac1-280,37994.461437908496,1979.3837635336597,64464.54857788086,57914.674658203134,446.2807579172967,0.728
302,ac1-256,37985.33434915107,1584.929485899294,60073.774371337895,54793.95910644532,443.00443361277564,0.6342551153678709
303,ac1-426,32000.303981797497,2688.462102233445,71595.02073974609,61724.8506225586,453.3776515089937,0.7599999999999999
304,ac1-221,35986.59662398137,1306.5256541893025,65988.61896362304,61198.68346557618,449.82383582621316,0.7599999999999999
305,ac1-565,36908.720631786775,1083.640136426755,67748.55738525391,63466.6453491211,448.0062286489593,0.740688238315357
306,ac1-347,35775.00850093303,1778.171324613765,72048.61311645508,65426.1644165039,453.12849565467326,0.7361857764876631
307,ac1-037,36447.26424327158,1913.8786201512248,71431.72748413085,64518.979663085935,453.59306449244093,0.760001398112548
309,ac1-568,38000.889699918895,1079.6683751739884,59239.16439819336,55392.70104370117,443.9634794713512,0.6815479452054792
310,ac1-166,38633.26989178867,1270.7225058620406,58186.83008422851,53904.91804809571,445.6177245717671,0.764007638446849
311,ac1-315,38536.673774905765,2734.884822217171,62849.75971679688,0.0,448.6297789277747,0.6725014539579968
312,ac1-170,37767.23103901798,2599.5872980396844,60527.36674804688,52253.841796875,442.3683812741099,0.0
314,ac1-249,36885.601288763595,1619.5407997647997,62105.86821899415,56680.90339355469,450.69827766454955,0.7080596053161496
315,ac1-450,35979.18543046358,1132.5229762980018,59529.46351928711,55320.12626342774,446.81499126312025,0.776
316,ac1-180,37987.298998569386,1279.7466598312665,64428.26118774415,59511.31982421875,449.385806310325,0.7679999999999998
317,ac1-285,36684.594418604654,1121.54696023644,68093.28759155274,63611.794909667966,454.3999399193195,0.7199999999999999
318,ac1-113,35998.65552699229,1383.841246735133,60872.0969543457,55973.29928588867,447.65628815262477,0.7607835475578405
319,ac1-512,37996.40377196742,1623.4993958934197,63575.50751953125,57969.10574340821,445.4227344386764,0.5300814402057437
320,ac1-574,37998.53213844252,2010.0394470931612,60908.384344482416,54431.085205078125,447.0111681354235,0.744
321,ac1-241,36606.37658017299,1304.681122676726,63466.6453491211,58749.284631347655,446.8826817649135,0.76
323,ac1-157,32894.734969835656,2859.3340734268377,70814.84185180665,60980.95912475586,447.7945898996242,0.0
324,ac1-576,37978.50705467372,1822.705606647546,64301.25532226563,57969.10574340821,437.63523341877016,0.7472469135802469
325,ac1-594,37999.720049658594,1982.0278959134987,60110.06176147461,53977.49282836914,446.61728931257016,0.7736101800124147
326,ac1-154,37994.99770220588,1475.7665829920404,60327.78610229492,55356.41365356446,443.48700145974755,0.7532334558823528
327,ac1-474,37915.60269482884,1886.9726236777717,66569.21720581055,60110.06176147461,450.8867581957894,0.7718150036416604
328,ac1-588,36000.58064516129,1688.744339951897,62414.31103515625,56699.04708862305,445.3551208454419,0.7599999999999999
330,ac1-240,38980.16022487702,1250.1382140121025,60019.34328613282,55537.85060424805,444.907032904391,0.76
331,ac1-575,34974.777734827985,1734.659008071258,67893.70694580079,61597.844757080085,450.0211855093152,0.0
332,ac1-413,38509.98043478261,1818.8487645715045,63938.38142089844,55047.97083740235,449.7496121300597,0.760159420289855
333,ac1-456,37001.07046979866,1309.673658065887,60563.65413818359,55937.01189575196,446.8535375935108,0.7680000000000001
334,ac1-120,37608.38992869875,1655.9383244576557,60890.24064941406,55283.83887329102,441.7905985656493,0.0
336,ac1-446,35903.76177437021,1313.791378947731,57805.81248779297,53433.18197631837,448.954700211448,0.7602059145673602
337,ac1-596,35991.11578947368,1329.5876311767715,61325.68933105469,56662.759698486334,446.30536164027984,0.76
338,ac1-005,36553.994166666664,2810.152269556473,67548.97673950196,58259.40486450196,449.90691389276236,0.7410541666666667
340,ac1-119,32999.56502408299,1758.088959505544,61615.98845214844,55555.99429931641,438.60264315777283,0.0
342,ac1-409,36968.23763955343,1095.898088447216,64047.243591308594,59874.19372558594,452.07055183306267,0.7759999999999998
343,ac1-317,34809.43352135375,1115.8123635701163,66805.08524169921,62251.01777954101,452.6740403231494,0.73682514101531
344,ac1-379,35895.19421323821,1770.3694739818272,71794.60138549806,65081.43421020508,452.7651470262208,0.7596353547364247
345,ac1-537,35709.61114570361,2060.673848402,68075.14389648438,60890.24064941406,450.3173471826878,0.7505379825653797
346,ac1-399,35006.72045520864,2168.791786119514,70778.55446166993,63103.77144775391,451.24025300247496,0.1947989495185293
347,ac1-104,37731.87107499076,1761.796766918038,60908.384344482416,55066.1145324707,441.4289040071883,0.6381204285186551
349,ac1-414,37986.24578104717,1648.7206308770649,65879.75679321289,60128.20545654297,447.5061609451011,0.7359913457377757
350,ac1-158,35981.37958667229,2768.497896214795,65607.6013671875,56662.759698486334,446.72417600248735,0.7599966258962462
351,ac1-484,33986.85318664643,1652.6735936321622,60708.80369873047,55120.54561767578,431.78600899043704,0.7599969650986341
352,ac1-182,38903.90656205421,1228.1604930003443,62686.46646118164,58041.68052368164,447.4395078211568,0.7680542082738944
353,ac1-473,36997.056152512996,2017.6911291934416,69998.37557373047,54449.22890014649,454.53409515306646,0.7745123050259967
356,ac1-335,33001.34805598756,1996.5713917266012,70597.11751098633,63430.35795898438,452.7644709121743,0.7280024883359252
357,ac1-350,36959.01108033241,845.9423627097422,62722.75385131835,59094.01483764648,450.4248313032912,0.7359999999999998
358,ac1-391,36649.70920043812,1393.751516547229,67077.2406677246,61888.14387817383,453.31580791808386,0.7352836801752465
359,ac1-304,37757.62071846282,1017.9023753251716,63031.19666748047,59221.020703125,439.50746554862184,0.724781954887218
361,ac1-281,38979.60863309353,2849.860850522988,62033.29343872071,53415.03828125,447.9156439299253,0.3186779033915724
362,ac1-024,37972.46721649484,1666.5133613435594,61398.26411132813,55755.574945068365,441.52476412448505,0.0
363,ac1-228,37852.2850435949,1237.5588168142876,63938.38142089844,59275.45178833009,456.22245723359583,0.7039999999999998
364,ac1-310,33941.6441025641,1390.3207882059758,64264.96793212892,59166.589617919926,449.1711571001018,0.7581312820512819
365,ac1-393,32984.43025038324,1062.93454968015,65553.17028198243,61180.53977050781,453.8511014586184,0.7612876852324987
366,ac1-121,36977.83444691908,1145.3124649039123,65172.15268554688,60745.09108886719,453.2000203907661,0.7589547141796584
367,ac1-427,34994.828441754915,2051.3600909004726,69200.05299072266,62015.14974365235,451.065554803974,0.7599649016641453
368,ac1-330,38918.95302843016,1248.0497793787988,56844.19664916993,52380.84766235352,442.668285055361,0.7599999999999999
369,ac1-487,36888.248062015504,1092.6185481453526,64010.95620117187,59674.61307983399,451.8331041475713,0.7599999999999999
370,ac1-458,38975.10264900662,2753.9909611743124,58567.84768066406,50385.04120483399,446.89924330888357,0.7588774834437084
371,ac1-164,35027.784571966135,1010.9748886918854,59112.15853271485,55392.70104370117,435.02695399509355,0.026803386641580426
372,ac1-288,34323.618957545186,2565.136804251206,58967.00897216797,50693.4840209961,425.99397629605255,0.7287599831862127
374,ac1-314,35867.639669421485,2608.6348271480574,70705.97968139648,61634.1321472168,454.8701537558928,0.7724646989374261
376,ac1-423,37939.61926211926,2877.9424671361785,63158.20253295898,53868.63065795899,448.7835190712622,0.7566881166881165
377,ac1-559,32986.11420059583,1904.8770627904928,69490.3521118164,62613.89168090821,447.6612020333024,0.76
378,ac1-197,33999.86007640879,1371.1754074753433,59511.31982421875,54812.10280151368,434.0778656621664,0.6479999999999999
379,ac1-551,35549.876968922945,2949.321937056908,70869.27293701172,60835.80956420898,453.3154525141234,0.6296134525329926
380,ac1-428,33220.04604173567,1989.43722372677,64156.105761718754,57134.49577026368,438.99740058693004,0.7599602517389863
381,ac1-538,38000.674083359445,1974.039643132532,59329.88287353516,52907.014819335935,444.75478092486844,0.76
382,ac1-151,36185.317603610994,2941.3746171354537,67766.70108032227,57896.53096313476,450.79202300877995,0.45399999999999996
383,ac1-052,34681.56180698152,1672.8863053467417,60527.36674804688,54757.6717163086,454.02315328313875,0.768
384,ac1-593,36793.1503208066,2101.0441811576634,69980.23187866212,62378.02364501953,451.49446586345914,0.7620898258478459
386,ac1-239,37995.26516572858,1330.8489425260584,64845.56617431641,59983.05589599609,449.54879812742735,0.76
387,ac1-286,34348.9158004158,992.6449628527056,60817.66586914063,57043.77729492188,431.8997255708778,0.7599999999999999
388,ac1-383,34926.97116644823,1162.5843269114712,63067.48405761719,58767.42832641602,448.0182298031809,0.7475019659239843
389,ac1-056,35952.431547619046,1030.408918297229,57352.22011108399,53632.76262207031,433.940008546509,0.6400892857142856
390,ac1-237,33417.64071190212,1315.2004514994007,66714.36676635743,61942.57496337891,445.08665886723537,0.736
391,ac1-392,37493.196979645436,1303.9569421410947,62795.3286315918,57987.24943847657,443.4160524249714,0.7604937623112278
393,ac1-488,33656.70200803213,1003.2160697550312,57696.95031738281,54031.92391357422,429.1391331939569,0.7599999999999999
396,ac1-035,36531.34208783933,2896.8313578375114,68809.96354675293,58930.721582031256,451.9684571700819,0.7680000000000001
398,ac1-372,37954.33862433863,967.8498793176684,62051.43713378907,58295.69225463867,443.7637766263748,0.76
399,ac1-529,33000.36818687431,1380.2655904506948,68927.89756469727,63702.51338500977,449.5852886015824,0.6959911012235818
401,ac1-244,37990.259338772004,1586.15103687892,60019.34328613282,54793.95910644532,441.3824341921233,0.7599999999999999
402,ac1-316,38843.417979002625,2612.582745575388,64591.554443359375,54304.079339599615,443.72023833238745,0.7570122484689412
403,ac1-496,37996.07336523126,1665.1827550234757,60908.384344482416,55447.13212890625,444.3061736768341,0.0
404,ac1-155,36985.77398160315,2738.1392691320225,65081.43421020508,56191.023626708986,449.81089790133643,0.761012702584319
406,ac1-054,34969.271529411766,2619.847881945141,69254.48407592774,60091.91806640625,458.7168324864699,0.7742249411764707
408,ac1-271,37655.716615698264,2735.663367795271,60073.774371337895,51927.25528564453,446.33710226613715,0.00818103975535168
409,ac1-493,36746.36654009381,2688.481067964748,68202.1497619629,59202.87700805664,450.72317802840877,0.7595970515970515
411,ac1-074,36821.19593558282,1757.8771130358043,65081.43421020508,58858.146801757815,448.553222098945,0.7201273006134968
412,ac1-298,32852.69659788065,1266.5855788393335,60327.78610229492,55773.71864013672,422.3177120332093,0.6727495817066368
414,ac1-216,37989.13527851459,1665.6255631545491,65244.72746582032,59475.03243408203,445.37994210435664,0.17168877099911578
415,ac1-331,34994.680174054934,2244.2071979291613,69590.14243469239,62051.43713378907,452.72536626338217,0.0029045417459885774
417,ac2-250,36789.156334231804,1843.348443112457,67004.66588745118,60454.79196777343,450.30501989498975,0.7359999999999999
418,ac2-318,36987.05799581669,3009.8890630517017,69581.0705871582,59475.03243408203,451.5517237692356,0.7517604107244723
419,ac2-267,36795.53767820774,1120.6676466449462,64391.97379760743,60200.78023681641,453.7990248652605,0.7759999999999999
420,ac2-163,32947.40873936582,3127.304072628807,72302.62484741211,61126.10868530274,450.4157523882495,0.7680000000000001
421,ac2-310,37538.92186379928,1790.262273426492,63031.19666748047,56989.3462097168,444.44228349633806,0.7425491039426523
422,ac2-280,35945.17174515236,1037.8259580158922,58458.98551025391,54558.09107055664,445.27798473471,0.6553961218836564
423,ac2-205,37900.41497227357,998.9779912753874,62632.03537597656,58912.57788696289,447.3762321045037,0.7359112754158964
424,ac2-260,33991.25408229915,1300.272720606485,68274.72454223633,63121.91514282227,461.5643169936204,0.7739203135205747
425,ac2-324,36943.06996966633,2860.6567157428985,65916.04418334962,56572.04122314454,449.8716136788782,0.7647838220424671
426,ac2-153,37931.75319148936,1323.5830701957198,57497.36967163086,52979.58959960938,442.19566397875644,0.7397349544072949
427,ac2-275,36861.579899884484,1737.086196560888,65861.61309814453,59928.62481079101,449.25148832073944,0.7366345783596457
428,ac2-071,36433.95017182131,1062.4596848575532,57116.35207519532,53324.319805908206,438.83018917588964,0.7263539518900343
429,ac2-311,35967.82212581345,2860.693227923009,67004.66588745118,57551.80075683594,445.63625773739426,0.759796489844212
430,ac2-028,36866.02810622213,2962.154464731856,67186.10283813477,57515.513366699226,451.72955467625303,0.005485559216902501
432,ac2-152,34984.40459016393,1378.3592930706411,68601.3110534668,63248.92100830079,449.412676514673,0.7644118032786885
433,ac2-117,34867.37392550143,1787.4062955733434,68909.75386962891,62432.45473022461,447.61843133563383,0.7590630372492837
434,ac2-233,36980.7685851319,1368.6610099543418,69000.47234497071,63865.80664062501,452.812699725655,0.6555323741007192
435,ac2-381,33000.33054393306,1093.3323118680091,66024.90635375977,61634.1321472168,446.8241882405577,0.7359999999999999
438,ac2-132,33937.43417874396,1321.4341143456038,66224.48699951172,61289.40194091797,452.5704958818256,0.766036231884058
439,ac2-048,36851.49560206248,2088.3571530064028,70052.80665893556,62813.47232666016,452.8949299374676,0.7679999999999999
441,ac2-437,32989.23041296797,1674.3498725244967,67294.96500854492,61307.54563598633,444.0626976097488,0.7279999999999999
442,ac2-479,36726.84519695923,1339.6895082651831,69381.48994140625,64301.25532226563,449.5837821282859,0.7479336558396681
443,ac2-399,36568.41961970614,1598.0682450628317,69898.58525085449,64047.243591308594,450.80633758499914,0.7002247191011235
445,ac2-395,33853.73874887489,2741.191734479914,71703.88291015626,62105.86821899415,454.72100709426985,0.7543276327632763
447,ac2-284,37898.91072371897,1388.6639823690086,61561.557366943365,56807.9092590332,446.7004839242152,0.7599492868462757
448,ac2-419,35907.236666666664,2699.7571768828275,72320.76854248048,63067.48405761719,450.10158322730683,0.30543644444444445
449,ac2-211,35578.10169183191,3093.8262925553167,66587.3609008789,56499.4664428711,447.0329998555963,0.7598806621793704
450,ac2-186,36732.02866242038,2933.6944711446604,68864.39463195801,58840.00310668946,446.6959552301723,0.4716296633303002
451,ac2-385,37528.236166571594,2206.748380743737,66768.7978515625,59438.74504394532,453.47883701649334,0.7727666856816885
452,ac2-462,35945.48486159169,2696.217259824108,71322.8653137207,62051.43713378907,449.84689943400804,0.760000865051903
453,ac2-079,34915.07694848085,3257.7384580118173,65389.87702636719,54975.396057128906,445.58937431961255,0.7360000000000001
454,ac2-209,35615.298770491805,2896.2044434041286,68800.89169921876,58912.57788696289,455.3116725526441,0.7688959016393442
455,ac2-346,37914.63220046083,2184.087150932776,62269.16147460937,55265.69517822266,446.206416198695,0.1831059907834101
456,ac2-030,38908.09884259259,2601.2073083619,62795.3286315918,54703.24063110352,445.25949044316326,0.7599999999999999
457,ac2-011,36869.94512663085,1695.6280147901489,67966.28172607422,62033.29343872071,454.2995930732969,0.7439877206446661
458,ac2-039,36988.367396593676,1659.1917442400504,66551.0735107422,60890.24064941406,450.230574044076,0.4683000811030007
459,ac2-288,38340.39557023509,3003.50510530315,67331.25239868165,57424.79489135742,451.5204196774104,0.7759961142413055
460,ac2-114,36897.11714039621,1744.0766466900805,68329.1556274414,62142.15560913086,450.7292565218581,0.7275882859603788
461,ac2-397,36907.89119858469,2942.974861285197,71794.60138549806,61343.83302612304,455.2157671087174,0.7632304290137106
462,ac2-364,37934.082399103136,1354.433495808808,61071.67760009765,56426.891662597656,444.3962127357807,0.7278139013452916
463,ac2-254,37978.55141745414,1498.2010082715876,63666.22599487305,58331.97964477539,445.4603913380108,0.742988326848249
464,ac2-442,33241.40740740741,1002.248764002092,61289.40194091797,57479.225976562506,433.4956131820756,0.7599999999999998
465,ac2-131,35942.03925925926,1243.2421175313289,62704.61015625,58059.82421875,445.94302583063006,0.759994074074074
466,ac2-269,36943.54734774067,1746.3169150362685,69145.62190551759,63103.77144775391,454.61782620578606,0.5543292730844793
467,ac2-137,38841.27432333577,1244.6439375361897,63502.93273925781,58912.57788696289,449.61076689501465,0.7339751280175566
468,ac2-227,38108.069921125556,2758.4798873501104,70034.66296386719,60763.23478393555,447.48528489429765,0.7607947132807504
469,ac2-182,32931.36838180463,1098.5896267011174,68184.00606689454,63702.51338500977,450.8606990637999,0.744
470,ac2-420,37775.92248376623,2990.0048698124106,64918.14095458984,55338.269958496094,448.4646552750824,0.7599999999999999
471,ac2-214,32944.60229540918,1503.5162482451208,69853.2260131836,64119.818371582034,452.8511444022717,0.7759999999999999
472,ac2-219,37971.69740437158,2726.2668999965213,66805.08524169921,57896.53096313476,447.42889377734735,0.7599999999999999
474,ac2-258,37262.12454655381,1787.3201253498669,66097.48113403321,59928.62481079101,448.9345129193993,0.6673583232567513
475,ac2-443,35929.75289997811,2734.8301918222883,72411.48701782226,62831.616021728514,450.90692517589,0.5978227183191069
476,ac2-036,37898.07820224719,1633.164193184392,60781.37847900391,55229.40778808594,453.3891772003629,0.7693734831460673
477,ac2-396,35942.40766550523,2596.984854573762,66641.79198608399,57914.674658203134,454.71891015710213,0.7681477351916377
478,ac2-418,37925.333333333336,1848.0988440485992,64119.818371582034,57932.81835327149,447.8515318056686,0.7439999999999999
479,ac2-360,36043.272040861644,2665.852843513324,63865.80664062501,55120.54561767578,444.2652698292595,0.7656557850322008
480,ac2-483,35899.624948707424,2844.3676374693705,70796.69815673829,60944.67173461914,450.09623899676734,0.7358210915059501
481,ac2-102,36417.84765258216,2640.330433938861,69073.04712524415,60073.774371337895,447.56828338687205,0.13139530516431921
482,ac2-096,35843.41120507399,2655.88408273754,71468.01487426758,62232.874084472656,450.66894783330787,0.7529200845665962
484,ac2-390,37755.01966604824,1790.5010778862236,63502.93273925781,57370.363806152345,446.29494354297117,0.7679999999999998
485,ac2-301,32935.30863539445,1497.8426204354405,70959.99141235353,65299.15855102539,453.26042980855414,0.7451428571428571
486,ac2-147,37992.169128508125,1203.4567191974284,60853.95325927735,56535.75383300781,445.6437366719296,0.76
487,ac2-271,32992.78215223097,1733.7443371059562,68637.59844360352,62232.874084472656,449.6110969698242,0.7759999999999999
488,ac2-138,36916.00413853191,2719.53404431044,70216.09991455078,60999.10281982422,451.1328690868819,0.7599930298409932
489,ac2-343,37633.02022756005,1281.9429293137875,64573.41074829102,59892.3374206543,448.5985874388596,0.7581390644753476
490,ac2-363,36847.05274151436,1512.9959180200804,67984.42542114257,62523.17320556641,453.11080069197925,0.7600041775456918
491,ac2-294,35997.9295173003,1573.387115150735,61561.557366943365,56263.598406982426,444.8647659137831,0.7594737291755659
492,ac2-302,37293.902583902585,1345.22010934483,63775.0881652832,58894.434191894536,443.40493361549636,0.7199548559548559
493,ac2-187,34304.029270171384,2957.063088272097,72665.4987487793,62178.44299926758,451.62746118314243,0.760001540535336
494,ac2-192,33000.94710327456,1078.4523660217149,69689.93275756836,65262.87116088867,450.2825956695532,0.6559999999999999
495,ac2-221,30005.6,918.578294364688,61144.2523803711,57461.08228149415,411.61830450798243,0.648
496,ac2-116,35980.85527328715,1757.0727204754153,68456.16149291993,62142.15560913086,450.5945085374631,0.7279999999999999
497,ac2-352,36995.18542296073,2996.7879896858503,65262.87116088867,55646.71277465821,448.75975998144355,0.7502046827794562
499,ac2-191,35999.52320522117,1787.2377255547574,63140.05883789063,57207.07055053711,445.46612740612983,0.7630384336475705
500,ac2-380,37934.98003472222,1599.756225428673,63176.34622802734,57751.3814025879,447.8500483843456,0.7359999999999999
501,ac2-097,36935.00824860924,3007.24301595503,66460.3550354004,56590.18491821289,457.54346864671044,0.776357567619413
502,ac2-026,36897.00823838738,3184.4427349530883,65662.03245239258,55592.28168945313,451.42010966401114,0.759465731814198
504,ac2-190,36908.58875739645,1719.2089696762405,69227.2685333252,63140.05883789063,450.0226286188026,0.5034099746407439
505,ac2-436,36148.995676343424,981.8373049825474,61507.12628173828,57715.09401245117,444.84420711311316,0.7504731315626929
506,ac2-368,37943.68895456225,1779.154362289759,62124.0119140625,56354.316882324216,445.67881585996935,0.7584706316956039
507,ac2-058,33000.83534287867,1778.2107119001043,66569.21720581055,60273.355017089845,447.3942427351006,0.744
508,ac2-405,35860.59367945824,917.8072728235524,61162.39607543946,57043.77729492188,445.45575894077433,0.6479999999999999
509,ac2-176,32993.61237274863,1086.0604333155509,69798.79492797851,65408.02072143555,451.5664603453576,0.7359999999999999
510,ac2-279,36945.51465517242,1074.6627461523883,63521.076434326176,59475.03243408203,451.928572448808,0.7359999999999999
511,ac2-141,32949.59645016579,2877.290536940815,69907.65709838868,59021.440057373045,447.71167016574736,0.759964111566218
512,ac2-238,37545.623885918,1023.2154240084208,57860.24357299805,54195.217169189455,442.01578704377914,0.7599999999999998
514,ac2-253,35971.9961352657,1494.8083509486987,68147.71867675781,62704.61015625,451.22657731386136,0.7432154589371981
515,ac2-136,37933.21132516054,1436.774153214505,65480.59550170899,60273.355017089845,450.3305207308218,0.37999999999999995
516,ac2-081,33972.250442477874,1553.5845395097956,62251.01777954101,56753.47817382812,434.2348500612942,0.76
517,ac2-454,34721.84630445424,991.0353707378648,58622.27876586914,54830.24649658203,447.3843798866544,0.7360000000000001
518,ac2-452,37916.09294605809,1683.31108195848,63303.35209350586,57660.66292724609,447.4167734833691,0.7599850622406639
519,ac2-268,37095.38496071829,961.4739370461186,58204.97377929688,54630.66585083008,437.6630443745275,0.7759999999999999
520,ac2-126,35895.89324324324,2982.883579438186,71613.16443481445,61380.12041625977,447.8510903905846,0.7599999999999999
521,ac2-229,36854.33183712728,2026.5266901373968,71105.1409729004,64010.95620117187,453.1831185780144,0.7279999999999999
522,ac2-476,36928.62011483608,3030.7878350750034,64555.26705322266,54920.96497192383,447.4946023329639,0.7595636228931284
523,ac2-273,32879.954623287675,1077.6203896981924,66043.05004882812,61561.557366943365,430.3046114169721,0.6800684931506848
524,ac2-193,33911.99558693734,1008.6647821861052,63321.49578857422,59475.03243408203,439.9528070276889,0.7450450132391878
525,ac2-306,35923.2725699452,2136.4831983304607,65480.59550170899,58168.68638916015,444.422360349363,0.023720796077300255
526,ac2-470,33946.67909319899,1393.3431022302436,62650.17907104492,57642.519232177736,443.3622113047267,0.4855919395465994
527,ac2-408,37683.7509936407,2961.5137575684294,65643.88875732422,56191.023626708986,450.132037397095,0.7599999999999999
528,ac2-183,33677.79102384292,998.350467136989,63085.62775268555,59184.73331298828,444.40742408237105,0.7441683029453013
529,ac2-075,36499.19167790406,2947.477691641112,66678.0793762207,57007.489904785165,450.9481319359061,0.7599999999999999
530,ac2-264,34944.36423576424,2951.0903072004958,71014.4224975586,60745.09108886719,452.29747366458474,0.7599999999999999
531,ac2-323,37948.05443925234,2537.4628735998963,61870.00018310547,53995.636523437504,444.3655182945908,0.45086542056074763
532,ac2-135,37780.86897274633,967.6566145749756,61416.40780639648,57842.099877929686,442.8800103770031,0.0
533,ac2-257,33001.37923076923,1785.8182682502463,66623.64829101562,60091.91806640625,442.79163515911995,0.007807692307692308
534,ac2-349,32938.501536360534,1912.829343812553,70252.3873046875,63267.06470336914,449.65042486371135,0.76
535,ac2-281,37989.12317235268,2696.436831047986,64065.38728637695,55574.13799438477,444.18403580668115,0.6838156845369958
536,ac2-262,38880.59264931087,1218.3266264173571,63484.789044189456,58912.57788696289,451.2769945654488,0.7743583460949464
537,ac2-460,35936.088981198074,2678.310368453925,68746.46061401367,59765.33155517578,449.3405639688319,0.7599999999999999
538,ac2-289,35924.06835495162,2844.0982731973068,72048.61311645508,62105.86821899415,450.3154862320136,0.7599456454601605
540,ac2-263,37090.19773061568,2678.783339787908,66569.21720581055,57823.95618286133,446.0741321601956,0.7296490859424248
541,ac2-164,33000.49423076923,1521.7808262251256,67748.55738525391,61978.86235351562,449.63315826244985,0.768
542,ac2-414,37153.84821949796,2159.036666756594,64899.997259521486,57769.52509765625,445.72003643609366,0.688
543,ac2-445,32803.08679642293,1432.2027631177923,70107.23774414063,64482.69227294922,458.58416080697566,0.7674087322461862
544,ac2-333,37797.90523949507,3356.7177628493373,66986.52219238282,56082.161456298825,452.9983167541886,0.76
545,ac2-430,37997.89354275742,1001.443752463722,57987.24943847657,54376.65411987305,443.155763234955,0.7599999999999998
546,ac2-313,36769.88451966152,1456.456820349455,67821.13216552735,62468.74212036133,452.4130830431376,0.7580129417620706
548,ac2-148,37996.31733483908,1411.6853449175835,61652.27584228516,56717.19078369141,448.10975671652415,0.7599999999999999
549,ac2-092,37109.24741212604,2626.8176919188463,70125.38143920898,61144.2523803711,447.2067782775798,0.7426813786827436
551,ac2-440,37819.716940106744,1745.5555798832224,61924.43126831055,55973.29928588867,447.3436990672807,0.7384858667720892
552,ac2-098,38289.59068100358,1185.2519265040066,63811.37555541993,59475.03243408203,447.9251946123906,0.7437017921146953
553,ac2-393,36852.76423231742,1492.3867444786474,70306.81838989258,64645.98552856445,453.05627418766363,0.7599999999999999
554,ac2-422,37311.43418013857,1374.596524583244,65353.58963623047,59094.01483764648,448.4941135425697,0.745515011547344
555,ac2-040,37903.362642585555,1484.3157524927526,58350.12333984375,53487.61306152344,439.5054227627369,0.751990494296578
556,ac2-078,35415.73808049536,2792.52507641701,66678.0793762207,57424.79489135742,442.8050405638477,0.76
557,ac2-175,37769.24494649227,1758.1329084659872,65081.43421020508,58967.00897216797,447.61628817899214,0.6963059849385651
558,ac2-142,37901.23783670912,2770.2693904379325,68020.7128112793,58876.29049682618,445.9005118404996,0.7599999999999999
559,ac2-341,33951.96836982969,1359.4050866662494,68782.74800415039,63430.35795898438,448.5116885562064,0.6799999999999999
560,ac2-154,37944.194942044254,1361.020554242906,57696.95031738281,53179.170245361325,445.3404765124751,0.7120147523709167
561,ac2-073,33951.1906779661,1394.933643996331,60599.94152832031,55628.56907958984,431.2630507315702,0.7199999999999999
562,ac2-095,36877.63801590307,3121.4338742691307,69762.5075378418,59239.16439819336,451.92597409520073,0.7235213934115866
563,ac2-371,32947.46267222044,1979.767263298164,71086.99727783204,63865.80664062501,450.6451793470189,0.5310823454021149
565,ac2-130,38556.62177121771,1314.225498473235,63394.07056884766,58785.572021484375,448.9631014647461,0.7599999999999999
566,ac2-461,38586.183475378784,2608.343903713725,64872.781716918944,56590.18491821289,447.5792303433087,0.7605350378787877
567,ac2-212,36283.0377318269,2713.878635041434,70869.27293701172,61615.98845214844,448.7011987152927,0.7598030270731188
568,ac2-459,38907.9224137931,2607.0362528475143,62595.74798583984,54576.234765625006,447.3341075833093,0.7599999999999999
569,ac2-429,36259.8958930277,1073.200501502419,68202.1497619629,64137.96206665039,452.2653366431125,0.6993963705826168
570,ac2-140,35875.215855039634,2581.7026108955943,67530.83304443359,58967.00897216797,445.3599155914211,0.7419614949037371
571,ac2-473,36343.212776176755,2482.784653262468,67784.84477539064,59493.17612915039,451.6266591026075,0.7570797310278579
572,ac2-330,36510.057880055785,1177.174603257611,57334.076416015625,53360.60719604492,443.30183586137935,0.7599999999999998
573,ac2-312,36936.94324890497,2982.297066904814,66297.06177978516,56590.18491821289,449.49710476835327,0.769569224909541
574,ac2-340,37927.37043189369,1671.2015088269236,61833.71279296876,56227.311016845706,447.61828057685653,0.7593687707641196
575,ac2-155,36938.884761182715,1213.0826452641566,65553.17028198243,61071.67760009765,448.92116638660815,0.762535253980288
576,ac2-475,33999.157658500095,3028.6327272450703,69544.78319702149,56934.91512451172,447.0916654602693,0.7612231157658499
577,ac2-210,35923.32575757576,3037.545845407879,72701.78613891602,62251.01777954101,450.4449897698513,0.7636106060606062
578,ac2-206,32946.510212097404,1731.6941724223109,69181.9092956543,62759.04124145508,449.96018234850055,0.7359999999999998
579,ac2-019,37837.08456375839,2653.062935137849,66768.7978515625,58005.39313354492,451.9561812247073,0.77173870246085
580,ac2-456,33874.0133809099,994.6405224389404,63230.77731323242,59221.020703125,443.58582385080905,0.7359999999999999
581,ac2-351,36779.44234659474,2690.890940154316,69417.77733154298,60436.64827270508,447.62896187976844,0.3582279163857046
582,ac2-074,37513.710179903464,2670.107118385482,67349.39609375,58531.56029052735,447.10091837999744,0.7599999999999999
583,ac2-319,36462.16642335767,1496.0711796551832,67567.12043457032,62214.7303894043,452.7478720628052,0.7280253041362529
584,ac2-007,32932.53805648636,1473.092029258837,68583.16735839844,63121.91514282227,450.1032457153139,0.7599999999999998
585,ac2-115,33947.36726384365,1619.203152560062,65734.60723266602,59964.91220092773,441.2814457428811,0.728
586,ac2-118,37394.54834437086,2665.46870800478,71032.56619262695,61924.43126831055,448.5083646235,0.588485651214128
587,ac2-224,33948.48319327731,1148.4430258579375,63684.369689941406,59402.4576538086,439.24144359318495,0.7599999999999998
588,ac2-372,37328.70320284698,1872.2689243593595,65172.15268554688,58803.71571655273,446.44933962462136,0.7199999999999998
589,ac2-439,36921.028448275865,1668.6646978575934,65335.445941162114,59565.75090942384,449.22385593412037,0.7279999999999999
590,ac2-202,34924.09759418974,1591.930942166154,70497.32718811036,64627.841833496095,458.1265507069585,0.7632501134816158
591,ac2-438,37413.577081615826,1666.1316056875228,62650.17907104492,57025.63359985352,448.2021970007124,0.7279999999999999
593,ac2-005,37950.96161228407,2757.224539007855,68184.00606689454,58858.146801757815,447.93605142861276,0.40352655150351885
594,ac2-450,37862.73399014778,1679.602466762324,62668.32276611328,56953.05881958008,447.1840592155162,0.7599999999999999
595,ac2-237,36966.67226890756,1095.3158755759885,64818.350631713874,60690.66000366212,450.8176397515013,0.19392513368983955
596,ac2-464,32009.43214556482,1109.3971224803151,62632.03537597656,58331.97964477539,435.4582716878887,0.7200090978013645
597,ac2-145,37943.553199691596,1676.221321273913,56898.627734375004,51437.37551879883,439.90949436479787,0.7599999999999999
598,ac2-104,35967.50889132821,2694.3377507664586,71304.72161865234,61997.00604858399,455.0971190959895,0.752585729967069
599,ac2-055,34724.46437468859,990.2095369062564,57080.0646850586,53360.60719604492,427.8735057049641,0.7759999999999999
600,ac2-228,38453.369995289686,2576.134694198935,66460.3550354004,57769.52509765625,447.4838083532417,0.7680000000000001
601,ac2-433,36944.495553759094,1697.64702110097,64863.709869384766,58840.00310668946,440.5499086396079,0.7518932902182699
602,ac2-468,36950.90245657313,2927.554634297891,69254.48407592774,59384.31395874024,449.9440091149509,0.48588344125809435
603,ac2-177,37873.73809523809,986.8446524072396,63267.06470336914,59511.31982421875,440.7187499667823,0.7038492063492063
604,ac2-283,36976.7968847352,1461.825096458581,68401.73040771484,62704.61015625,450.2032252819108,0.7599152647975078
605,ac2-392,36936.40597688187,3013.3532648871897,66641.79198608399,56717.19078369141,450.6041274376995,0.7567559439902264
606,ac2-080,36881.26163038839,1645.898670483328,67730.41369018555,61942.57496337891,451.4597457213128,0.7545317968416558
607,ac2-444,38909.0262202501,2922.333481312648,61815.56909790039,52780.00895385743,446.6133170651872,0.7600016135538523
608,ac2-025,35256.73396970326,2858.0733291884426,68184.00606689454,58495.27290039063,443.68047183684024,0.7599999999999999
609,ac2-481,34658.80279375514,1097.6174836199866,65081.43421020508,60890.24064941406,448.4481680639851,0.7609564502875923
610,ac2-421,36679.98549946294,1464.7998430012915,70778.55446166993,55465.2758239746,452.80181185970815,0.7611278195488721
611,ac2-485,34599.54883825852,2829.049676035225,68873.46647949218,59112.15853271485,447.5533508065996,0.7600036092939317
612,ac2-093,34633.136243386245,2956.0796614009646,69399.63363647461,59293.59548339844,451.22274763320183,0.7565616024187451
613,ac2-099,35444.28395904437,1081.2630750701724,56934.91512451172,53088.451770019536,436.70101384618897,0.7160191126279862
614,ac2-251,37801.15655300142,2636.979934986226,66968.37849731445,58313.83594970704,446.7478790472896,0.7257243708464973
615,ac2-108,32996.54445002511,1469.779279912776,67639.69521484376,62214.7303894043,446.346197728387,0.7599999999999998
616,ac2-261,37846.784518828455,1365.4194394796086,65480.59550170899,60418.50457763672,443.23484188524634,0.7524748953974896
617,ac2-463,32969.8336,1051.4563105175273,67766.70108032227,63575.50751953125,441.9913633556786,0.7283391999999999
618,ac2-249,35800.405,1741.557504710483,71939.75094604492,65444.30811157226,451.71857729081916,0.758653846153846
619,ac2-354,33902.72163265306,1387.4451372796625,62341.73625488282,57207.07055053711,434.25433433795916,0.7599999999999999
620,ac2-059,37920.655265526555,1600.1431931818092,61525.26997680664,56154.73623657227,444.41434785390135,0.7439999999999999
621,ac2-105,36925.0182057057,2983.637459579235,67313.10870361328,57515.513366699226,449.3942542633651,0.7598851351351351
622,ac2-189,37682.72144112478,1040.5505767776317,58458.98551025391,54648.80954589844,441.095560205926,0.7679226713532512
623,ac2-215,37896.96631695196,1350.0186528456204,63502.93273925781,58676.70985107422,442.4904552410085,0.696
624,ac2-431,36853.88505747126,1690.8417043053198,64791.13508911133,59112.15853271485,450.26501435553877,0.7500164203612478
625,ac2-171,33944.967773921664,1361.2935998327744,62214.7303894043,57261.501635742185,421.76562861469694,0.6554982647496282
626,ac2-128,34920.09723233795,1797.1611352261748,72257.26560974121,65843.46940307617,453.03514720355696,0.7418324836125272
628,ac2-478,35823.858724534985,1726.8266115273327,62958.62188720704,56953.05881958008,445.1946589294553,0.7439999999999999
629,ac2-491,38856.32841163311,2708.3254567139825,65335.445941162114,56535.75383300781,449.3445233575588,0.3926863534675615
630,ac2-374,36928.862992125985,2950.246307302351,64083.53098144531,54830.24649658203,447.9171217093111,0.7631267716535431
631,ac2-402,34951.45654993515,811.007818033313,61216.82716064453,57950.96204833985,403.14970303048744,0.6830920881971465
632,ac2-139,35928.03724137931,2537.581579834645,64936.284649658206,56699.04708862305,450.16922506135995,0.7607402298850574
634,ac2-482,37789.58167938931,1136.4535257858722,61216.82716064453,57152.63946533203,448.925224823966,0.7279999999999999
635,ac2-449,36767.00039714059,1675.2550664256794,64791.13508911133,59094.01483764648,449.8117524141532,0.7604765687053215
636,ac2-133,38896.38655980271,1319.7637500600745,62196.586694335936,57551.80075683594,445.6959060663555,0.7597558569667078
637,ac2-213,36980.90454638963,2973.337639482483,69127.47821044922,59112.15853271485,453.05683778860924,0.7741312487142563
638,ac2-299,37676.844605740676,2743.286697382865,67675.98260498047,58495.27290039063,446.9249065362892,0.6315636203673156
639,ac2-047,37917.47881773399,957.4425266494462,56862.34034423829,53451.32567138672,440.3919343247051,0.7680000000000002
640,ac2-106,35963.00495156082,2660.747261432841,70152.59698181153,61144.2523803711,447.1171535696822,0.7595332615715822
641,ac2-375,32994.28347280335,1442.9488813240157,68365.44301757813,62958.62188720704,447.2454825195001,0.7439999999999999
642,ac2-020,33751.01287356322,2686.8512819565244,69526.63950195313,59964.91220092773,453.4220007299971,0.7496818390804597
643,ac2-384,37419.0072234763,1575.2119145334384,63303.35209350586,57932.81835327149,445.6132223931946,0.7359999999999999
644,ac2-004,35231.187914649454,3135.276766830683,68565.02366333008,58150.5426940918,449.8386345867109,0.7554176080329925
645,ac2-287,37893.17485353763,2724.736436189327,69091.1908203125,59946.76850585938,451.1154718679265,0.7738296529968453
646,ac2-119,38104.4076433121,3037.180622899538,65008.85942993165,55447.13212890625,449.8193153017839,0.7666564256275759
647,ac2-151,37943.5713190184,1720.8785053653903,58513.41659545898,53034.02068481446,440.0691035951598,0.030999999999999993
648,ac2-022,34429.49175961378,3271.737045859644,69145.62190551759,58386.41072998048,450.21030207849594,0.736
649,ac2-379,36902.320300157975,1773.75638147401,66732.51046142579,60545.51044311524,451.7375068576547,0.7217630331753553
650,ac2-406,34919.446833930706,817.8526603658757,54685.09693603516,51600.66877441407,431.7177305585904,0.648
651,ac2-101,34945.6279296875,1881.9103264799155,62051.43713378907,55791.86233520508,440.47818270405645,0.7279999999999999
652,ac2-342,35800.34939759036,1189.766462539016,68238.43715209962,63466.6453491211,450.37074137090616,0.7651837349397589
653,ac2-295,36765.86948249619,1782.3605491916685,66678.0793762207,60454.79196777343,452.7263093812047,0.7520045662100455
654,ac2-300,32950.13632842757,3065.86472472016,71576.87704467773,60708.80369873047,447.78922447504215,0.7581448489542989
655,ac2-361,36360.59460062472,2672.0587596376795,68038.85650634766,59094.01483764648,445.90627317996166,0.756061579651941
656,ac2-003,36098.14853896104,2977.1621443481117,73772.26414794922,62740.897546386725,450.7454958868218,0.7666249999999999
657,ac2-266,36811.350877192985,806.8111469782832,61017.24651489258,57751.3814025879,451.19965258194566,0.7655508771929823
658,ac2-376,37837.78003291278,1352.517874924035,63321.49578857422,58604.13507080078,445.3958921504614,0.7431442676906197
659,ac2-367,36458.85467128028,1936.76151700339,70524.54273071288,63720.65708007813,452.4043265153145,0.5673757785467127
660,ac2-334,36920.67348216149,2835.489277714288,68129.57498168945,58458.98551025391,454.7434453603381,0.7599991654496138
661,ac2-208,37907.15364916773,2713.412666139646,66088.40928649902,57334.076416015625,447.4161210990879,0.7599163465642339
662,ac2-044,36933.404463040446,1585.5475308554037,68238.43715209962,62414.31103515625,453.8387441702565,0.640228730822873
663,ac2-057,36942.82504604052,3064.819878700095,66333.34916992187,56535.75383300781,452.06869814219476,0.7838784530386742
664,ac2-034,35948.06463414634,1609.1491905223966,56136.59254150391,51001.92683715821,433.86181493574975,0.7679284552845528
665,ac2-012,37911.39314516129,1521.3100601690746,61761.13801269532,56426.891662597656,444.2211822902179,0.7439999999999999
666,ac2-455,36573.873440285206,1046.4836445732594,64827.42247924805,60726.94739379883,447.4445520107768,0.6889483065953653
667,ac2-094,35904.5404475043,2686.62897053173,71794.60138549806,62541.31690063477,448.55336481494663,0.7196901893287436
668,ac2-149,36875.19971570718,1225.242584616404,65789.0383178711,60962.8154296875,448.2052280974837,0.76
669,ac2-383,32953.258500914075,1716.292871348016,63829.51925048829,57842.099877929686,441.59673903859215,0.7359999999999999
670,ac2-413,34124.773678414094,2185.30633869626,70742.2670715332,63230.77731323242,451.283557875707,0.6855374449339207
671,ac2-317,37867.90230752642,2670.4131709275966,66723.4386138916,58114.25530395508,446.1895185650281,0.7473797714039249
672,ac2-386,35652.887675955186,2122.800796212911,61906.28757324219,54685.09693603516,457.5860620728731,0.7694892272335535
673,ac2-474,36880.736830205744,2582.6037279711136,65281.01485595704,56826.05295410156,449.2911683943132,0.748888085010174
674,ac2-276,33847.64504576204,1636.046403320735,63992.81250610352,58277.54855957032,438.1830121818774,0.7439999999999999
675,ac2-002,36992.365174555576,2700.7349679330155,65226.58377075196,56499.4664428711,452.23279608587086,0.7776577425572928
677,ac2-274,33881.64066193853,1015.3202411281804,58531.56029052735,54757.6717163086,436.1610371165877,0.7120661938534277
678,ac2-441,36867.95853658536,1087.6727574226934,66369.6365600586,61960.71865844727,450.1300911740404,0.76
679,ac2-156,37734.89020907118,2604.50244178394,69018.61604003907,60273.355017089845,447.45512486898934,0.6792514566434366
680,ac2-199,37970.22428853198,1339.0475915411282,63702.51338500977,58858.146801757815,443.8751979945355,0.7281036911806141
682,ac2-100,35669.73450395084,1829.477807196258,65371.73333129883,59311.7391784668,447.27576638355777,0.7222475856014047
683,ac2-165,33949.12297734628,1348.180091688931,63956.5251159668,59039.58375244141,434.9223266840806,0.768
684,ac2-203,37958.61865079365,1830.279871968097,66206.34330444336,59783.47525024415,451.7952240611313,0.7759999999999998
685,ac2-124,35455.45782111064,2784.9086947855344,73137.23482055664,63085.62775268555,448.29451785478705,0.4288639253921152
686,ac2-029,36998.086676678824,2813.929698037614,68202.1497619629,58821.8594116211,451.18846457873525,0.7113606522205534
687,ac2-234,37888.05045278137,1269.6773733328282,62813.47232666016,58186.83008422851,443.8709578569078,0.76
688,ac2-458,35000.305437100214,1322.621805617572,61997.00604858399,57188.92685546875,444.42971105490534,0.7599999999999999
690,ac2-350,37930.332277367124,1804.52710395618,60309.642407226565,54431.085205078125,443.2671787250028,0.7590454065469903
692,ac2-435,35246.32036199095,1080.770015029838,67639.69521484376,63230.77731323242,452.3617512142194,0.7661466063348416
693,ac2-054,36933.60767790262,1106.9686838993905,63593.65121459961,59420.60134887695,453.06804092904025,0.7759999999999998
694,ac2-417,32942.02124072825,1959.2196407552897,69508.49580688476,62505.02951049805,447.9003446555427,0.7039635873229938
695,ac2-179,33600.475435816166,988.4242940919352,63992.81250610352,60110.06176147461,434.7635384084662,0.704
696,ac2-064,35944.04472703354,2653.4027317952896,69145.62190551759,60200.78023681641,446.7628588558423,0.7370708178031133
697,ac2-223,36749.2776,1262.018557152707,63974.66881103516,59348.02656860352,447.9035912850488,0.7238239999999998
698,ac2-159,30012.59094790777,1361.8344065307654,63248.92100830079,58132.39899902343,411.5870597487056,0.769728437233134
699,ac2-157,33656.01033097379,2993.1578264607724,72556.63657836914,61978.86235351562,452.82493445457527,0.7759992347426821
700,ac2-451,36987.07371928363,1699.7501905641238,66061.19374389648,60182.636541748056,449.91371771214943,0.7359999999999998
701,ac2-125,36902.553014973695,2868.9896669495165,68075.14389648438,58404.55442504883,450.36327601635145,0.7597984621610684
702,ac2-188,38881.8389307745,1184.211741095276,62541.31690063477,58295.69225463867,448.7023972534301,0.7722302947224124
704,ac2-103,36977.730235630916,2816.3682019727307,67313.10870361328,57823.95618286133,449.59745575096247,0.7600026425897378
705,ac2-146,36546.112302839116,1320.160169976007,67077.2406677246,62196.586694335936,452.3298890406729,0.7599999999999999
706,ac2-194,36801.130929791274,1741.959262447712,61234.97085571289,55555.99429931641,448.9596239143551,0.7439999999999999
707,ac2-178,32541.668508287294,1107.9939699511312,70361.24947509766,65770.89462280273,437.75508663583906,0.7039999999999998
708,ac2-006,36924.3161578845,3014.0974407207304,70560.83012084961,60436.64827270508,450.52995535669527,0.7665098191716896
709,ac2-197,33496.49045103617,2938.0217194186416,71776.45769042968,61289.40194091797,461.1863078191562,0.7742324258431532
710,ac2-207,37776.06276150628,1594.9107663034492,65752.75092773438,60237.06762695313,447.5340503691717,0.7359999999999998
711,ac2-195,37957.54028648165,1616.0711640827406,64627.841833496095,59021.440057373045,446.0337466239068,0.7439999999999999
712,ac2-434,37633.997041420116,1652.377256693076,64410.11749267578,58712.99724121094,448.7450349660446,0.7599999999999999
713,ac2-398,35871.48019260232,2767.6135304108943,71849.03247070312,62015.14974365235,450.07458590918435,0.7599999999999999
714,ac2-486,35995.636565208624,2943.472349415016,70107.23774414063,59892.3374206543,451.221888803855,0.7747236444265269
716,ac2-277,32998.55298013245,1721.023852914181,69544.78319702149,63267.06470336914,449.3596632154828,0.7439999999999999
717,ac2-484,36926.91749502982,2894.854447924798,67403.82717895508,57751.3814025879,449.16469912176314,0.7599666003976142
718,ac2-091,34888.01683501683,3090.510977870612,70887.41663208009,60237.06762695313,450.63997888952355,0.014553684998129441
719,ac2-070,36843.45435393258,1187.3367176481952,65317.30224609375,60908.384344482416,451.7753304261446,0.7566095505617976
720,ac2-024,36001.82074879732,2725.481137986589,63321.49578857422,54558.09107055664,447.2667454230301,0.535938088266053
721,ac2-270,37960.34790365745,1607.0854750658382,64936.284649658206,59311.7391784668,444.9245119849715,0.7759999999999999
722,ac2-290,36928.186631944445,3275.4335016767736,69581.0705871582,58876.29049682618,451.824991983791,0.7626680555555555
723,ac2-248,37943.616704288936,1541.566026267256,64736.704003906256,59456.88873901367,441.95311959800296,0.7585733634311511
724,ac2-144,36940.16570771001,1769.6860930047797,71595.02073974609,61997.00604858399,453.66955983676667,0.7599999999999999
725,ac2-051,34947.66250754679,3008.142212511858,67149.81544799806,57225.21424560546,459.12267887995864,0.7759895351177298
726,ac2-293,36942.7580848383,1680.5603092331803,63811.37555541993,58005.39313354492,449.45895597959486,0.7599294414111717
727,ac2-129,35433.5119772635,1697.0571674244268,64881.85356445313,58985.15266723633,446.2878380851549,0.7677271619975639
728,ac2-021,35963.61930745016,2819.1265585362653,71558.73334960938,61815.56909790039,449.5542401868891,0.624
729,ac2-492,35946.16868707623,2764.650429270713,67530.83304443359,58404.55442504883,457.20082854044125,0.7759999999999999
730,ac2-453,36552.57672849916,1085.271538854794,63085.62775268555,58967.00897216797,449.09319828788637,0.736
731,ac2-065,34931.20420335132,3017.038833548715,71232.14683837892,60835.80956420898,452.3101186425136,0.7594183470604942
732,ac2-477,36830.525,1708.516351501882,70089.09404907227,63992.81250610352,452.1223933429093,0.7111499999999998
733,ac2-252,34906.559581621215,2999.2594471669445,67276.82131347657,57370.363806152345,452.76584415082993,0.767608516996638
734,ac2-480,33567.5282542886,1324.8383574196544,58168.68638916015,53505.7567565918,430.57350023041874,0.7541231079717456
735,ac2-407,35981.549594229036,2687.9917117003124,70089.09404907227,60944.67173461914,448.5272795367675,0.7576014427412082
736,ac2-359,36685.5909517112,2703.6730746587173,67675.98260498047,58495.27290039063,450.16699207460437,0.7634589779653069
737,ac2-358,35998.32149685878,2146.496886769642,60273.355017089845,53523.90045166016,438.87333845584004,0.7599999999999999
738,ac2-062,35942.52872062663,2622.2538092389045,67050.02512512208,58513.41659545898,444.50838962400286,0.7280104438642298
740,ac2-198,36772.76631259484,1514.373077632828,68147.71867675781,62613.89168090821,454.07524376826467,0.7759999999999999
741,ac2-272,37920.16207674944,1597.917037741573,63248.92100830079,57751.3814025879,443.57580089751747,0.7759999999999999
742,ac2-432,37936.953410981696,1648.15698049087,63666.22599487305,58114.25530395508,447.8844204809174,0.7600016638935108
743,ac2-033,35000.8043212393,1686.8044302170065,69200.05299072266,63121.91514282227,451.9921877642258,0.7040260905014267
744,ac2-072,33000.342329545456,1501.2966578435314,69726.22014770508,63938.38142089844,450.9453207966608,0.6880568181818182
745,ac2-230,37890.32963784183,1819.838191440608,63992.81250610352,57696.95031738281,442.30557915605857,0.759240206947524
746,ac2-056,37868.59213534522,2601.28145025775,66732.51046142579,58204.97377929688,452.9740295244891,0.0
747,ac2-314,33950.72893401015,1430.74535558394,63557.36382446289,58350.12333984375,453.69583575631856,0.7629258883248732
748,ac2-278,37689.65657439447,1632.1595338974128,63738.80077514648,58132.39899902343,446.7813076588697,0.7641401384083043
749,ac2-204,36911.64748953975,1086.0199315443238,62396.16734008789,58277.54855957032,447.21362472151856,0.776
750,ac2-357,32949.31243184297,2173.5401537348416,69590.14243469239,61978.86235351562,447.3650501945737,0.7596074154852779
751,ac2-162,35971.101116071426,2641.317067748793,69953.01633605958,60980.95912475586,447.0137467506014,0.7656419642857144
752,ac2-467,35969.033963065165,2792.718618299948,70343.1057800293,60799.52217407227,450.69512931583995,0.0
753,ac2-296,37714.74653379549,1564.1776135434095,63738.80077514648,58259.40486450196,444.3503040297916,0.6799999999999999
754,ac2-107,36848.41901475944,3034.543011585344,66460.3550354004,56680.90339355469,450.0896797654761,0.7631627372052904
756,ac2-320,30010.2969588551,1410.2266888773374,60980.95912475586,55882.58081054688,412.8557479228797,0.7171305903398926
757,ac2-143,34943.89366400544,3264.503304718998,66968.37849731445,56372.46057739257,449.93381956955574,0.760000679463224
758,ac2-046,36859.17737296261,1130.7657921429634,65027.003125,60618.08522338867,453.04561350352196,0.7664276126558006
760,ac2-050,37917.44792375766,2625.720264906627,65698.3198425293,57315.93272094727,452.5650616039295,0.7732162468799637
761,ac2-259,34935.080924855494,1307.9162579827348,65462.45180664063,60472.9356628418,446.8683253935659,0.7359897238278741
762,ac2-121,37899.03372781065,1341.7548048180945,64246.824237060544,59384.31395874024,443.95283854704047,0.7202745562130177
763,ac2-127,33620.525892408245,3337.5556490331446,73627.11458740235,62051.43713378907,452.60491494054935,0.759988603988604
764,ac2-049,37941.08581606218,1928.5073637454868,62359.87994995117,56118.44884643555,446.5987600411486,0.736
765,ac2-282,36940.88324971054,3003.576254001229,67548.97673950196,57715.09401245117,451.09721378019293,0.7600015438054805
766,ac2-362,36558.13317892299,2985.277819962909,65970.4752685547,56263.598406982426,448.01154532194187,0.7599992279482725
767,ac2-001,36913.12795327847,2360.946910594414,70288.67469482422,62105.86821899415,449.13630018005244,0.0671547650650385
768,ac2-353,36880.75856615709,1453.7568800125582,69871.36970825196,64500.83596801758,453.1928183184496,0.76
769,ac2-120,36886.30641330166,1502.1415965617352,69181.9092956543,63684.369689941406,452.9537680482542,0.7599999999999998
770,ac2-083,32957.39015151515,937.8435838096568,56789.76556396485,53124.73916015625,417.292955026088,0.745782828282828
771,ac2-170,36757.94748263889,1554.298895504131,67966.28172607422,62251.01777954101,453.0036390686477,0.7111874999999999
772,ac2-373,37144.070283329675,2695.592628690469,68438.01779785156,59438.74504394532,447.9918386296982,0.43911267296288153
773,ac2-218,36919.92421892311,2692.7642551056683,63847.66294555664,0.0,448.8801168410184,0.16419410591624195
774,ac2-077,31000.634364820846,2761.833058546146,68038.85650634766,58168.68638916015,452.58066877265423,0.761849348534202
775,ac2-158,36827.68139873725,1526.5068029519682,68782.74800415039,63321.49578857422,454.17366730688855,0.7758562408936376
776,ac2-063,36946.21848585079,3026.7126255357075,63756.94447021485,54358.51042480469,448.5669470670145,0.7499272326350606
777,ac2-196,36709.13062244435,2639.6386120615043,70814.84185180665,61615.98845214844,454.37541895600225,0.7385034075420263
778,ac2-457,37928.59135802469,1264.3872638978328,59311.7391784668,54993.53975219726,446.56720270167403,0.7360000000000001
779,ac2-409,36803.96511627907,1494.6905061990071,70470.11164550782,64791.13508911133,450.7120265217931,0.7654795127353268
781,ac2-076,37683.58872305141,2563.649738912989,66551.0735107422,58005.39313354492,446.90221554571576,0.36451646529258463
782,ac2-344,36847.538789169455,1335.8942023288628,64500.83596801758,59583.89460449219,449.5174667359371,0.7600024338302402
