,ac,mean_cruise_altitude,max_cruise_altitude,distance,takeoff_mass,landing_mass,mean_cruise_tas,mean_cruise_mach
0,a320,40423.07692307692,41000,2670,56470,50430,470.0,0.8200000000000001
1,a320,37546.666666666664,38000,1290,61160,58030,470.0,0.8199666666666666
2,a320,37128.260869565216,38900,2970,63170,56130,470.7608695652174,0.8199652173913045
3,a320,40404.166666666664,41000,4350,57810,48110,470.0,0.8200000000000001
4,a320,40890.90909090909,41000,900,53130,51050,470.0,0.82
5,a320,37850.0,38400,600,57810,56350,470.0,0.82
6,a320,34466.666666666664,35800,2480,65170,59180,473.75,0.82
7,a320,40436.0,41000,1980,55800,51280,470.0,0.819992
8,a320,40076.59574468085,41000,3070,57810,50850,470.0,0.82
9,a320,38516.666666666664,39000,600,56470,55020,470.0,0.82
10,a320,40758.92857142857,41000,3560,55800,47910,470.0,0.8200000000000001
11,a320,37308.333333333336,38600,2480,62500,56610,470.44444444444446,0.8199555555555555
12,a320,37575.0,38300,1880,61830,57320,470.0,0.819925
13,a320,39561.22448979592,40900,3170,59150,51900,470.0,0.8199673469387755
14,a320,40946.51162790698,41000,2870,53800,47460,470.0,0.82
15,a320,40943.10344827586,41000,3660,54470,46440,470.0,0.8200000000000001
16,a320,33154.545454545456,34400,1780,67850,63310,467.45454545454544,0.8043272727272727
17,a320,39961.76470588235,41000,4150,59150,49770,470.0,0.8200000000000001
18,a320,40964.583333333336,41000,3070,52460,45780,470.0,0.82
19,a320,33932.608695652176,35500,2970,67180,59950,475.0,0.82
20,a320,33757.692307692305,34700,1980,66510,61630,475.2692307692308,0.8200000000000001
21,a320,40006.666666666664,40700,1190,55800,53020,469.93333333333334,0.8197933333333334
22,a320,38463.88888888889,40500,4250,62500,52650,470.18055555555554,0.819976388888889
23,a320,37274.0,39100,3170,63170,55690,470.7,0.8199500000000001
24,a320,33575.0,35200,3270,68520,60540,475.71153846153845,0.8200000000000001
25,a320,33310.71428571428,34300,2080,67850,62700,476.14285714285717,0.8200000000000001
26,a320,40736.36363636364,41000,2380,55140,49790,470.0,0.82
27,a320,33262.5,34800,3070,69190,61640,476.3125,0.82
28,a320,39888.88888888889,40400,700,54470,52810,470.0,0.82
29,a320,35160.34482758621,38100,3560,66510,57950,473.17241379310343,0.8199551724137931
30,a320,38500.0,40100,3560,61830,53550,470.0,0.8199724137931036
31,a320,34553.57142857143,35600,2080,64500,59450,473.64285714285717,0.8200000000000001
32,a320,33038.46153846154,33900,1980,68520,63580,476.88461538461536,0.8200000000000001
33,a320,32369.444444444445,34400,4250,73200,62640,478.2361111111111,0.8200000000000001
34,a320,39530.555555555555,41000,4350,60490,50580,470.0,0.8200000000000001
35,a320,40222.22222222222,41000,4350,58480,48730,470.0,0.8200000000000001
36,a320,34900.0,35700,900,61830,59620,472.84615384615387,0.8200000000000001
37,a320,33681.818181818184,34500,1780,66510,62100,475.40909090909093,0.82
38,a320,40930.0,41000,1690,51120,47370,470.0,0.82
39,a320,40993.333333333336,41000,1390,52460,49310,470.0,0.8200000000000001
40,a320,40967.307692307695,41000,3270,51120,44100,470.0,0.8200000000000001
41,a320,40888.88888888889,41000,1590,53800,50180,470.0,0.82
42,a320,40954.71698113208,41000,3360,53800,46430,470.0,0.8200000000000001
43,a320,33300.0,34900,3170,69190,61410,476.24,0.82
44,a320,33300.0,33700,700,65170,63400,476.3,0.82
45,a320,40147.05882352941,41000,3270,57810,50420,470.0,0.82
46,a320,33728.57142857143,35900,4150,69190,59100,475.35714285714283,0.8200000000000001
47,a320,38911.290322580644,40600,3760,61160,52490,470.0,0.8199725806451613
48,a320,40955.555555555555,41000,2480,53130,47650,470.0,0.82
49,a320,33385.18518518518,35100,3360,69190,60940,476.1111111111111,0.8200000000000001
50,a320,31566.176470588234,33400,4250,75880,65160,479.97058823529414,0.8200000000000001
51,a320,40993.333333333336,41000,1390,53130,49960,470.0,0.8200000000000001
52,a320,38897.36842105263,39900,2570,59820,53840,470.0,0.8199552631578948
53,a320,33014.583333333336,34500,3070,69860,62280,476.9166666666667,0.82
54,a320,40936.36363636364,41000,1780,51790,47810,470.0,0.82
55,a320,33075.0,34000,2080,68520,63340,476.82142857142856,0.8200000000000001
56,a320,31790.909090909092,33600,3960,74540,64620,479.5151515151515,0.8200000000000001
57,a320,37634.61538461538,38400,1980,61830,57090,470.0,0.8199384615384615
58,a320,40536.73469387755,41000,3170,56470,49370,470.0,0.82
59,a320,40717.64705882353,41000,1490,54470,51050,470.0,0.82
60,a320,32522.222222222223,33600,2480,70530,64340,477.94444444444446,0.82
61,a320,36922.22222222222,39000,3360,63840,55870,471.0740740740741,0.8199703703703705
62,a320,35585.71428571428,35800,600,58480,57010,471.2857142857143,0.8200000000000001
63,a320,40701.38888888889,41000,4350,56470,46870,470.0,0.8200000000000001
64,a320,40787.5,41000,3960,55800,47080,470.0,0.8200000000000001
65,a320,34528.57142857143,34800,600,61160,59660,473.57142857142856,0.8200000000000001
66,a320,37650.0,38200,1090,60490,57840,470.0,0.8199571428571428
67,a320,40963.04347826087,41000,2970,52460,45980,470.0,0.82
68,a320,32014.70588235294,33000,2380,71870,65870,479.02941176470586,0.82
69,a320,38118.181818181816,38700,800,58480,56550,470.0,0.82
70,a320,36039.13043478261,38300,2970,64500,57400,471.95652173913044,0.8199543478260868
71,a320,39748.48484848485,40600,2380,57810,52350,470.0,0.8199484848484848
72,a320,34305.769230769234,36100,3270,66510,58620,474.0769230769231,0.8200000000000001
73,a320,32760.344827586207,34500,3560,71200,62390,477.44827586206895,0.8200000000000001
74,a320,35255.0,38200,3660,66510,57720,473.06666666666666,0.8199583333333335
75,a320,35928.125,37900,2280,63840,58350,471.8125,0.8199187499999999
76,a320,37613.333333333336,39600,3660,63170,54580,470.5833333333333,0.8199666666666666
77,a320,37007.142857142855,38200,2080,62500,57510,470.57142857142856,0.8199285714285715
78,a320,33839.0625,35900,3860,68520,59160,475.171875,0.8200000000000001
79,a320,41000.0,41000,4250,51790,42720,470.0,0.8200000000000001
80,a320,35635.416666666664,38100,3070,65170,57810,472.3958333333333,0.8199479166666667
81,a320,38632.5,39700,2670,60490,54250,470.0,0.8199574999999999
82,a320,40700.0,41000,900,53800,51710,470.0,0.82
83,a320,32909.25925925926,34500,3360,70530,62220,477.14814814814815,0.8200000000000001
84,a320,32198.4375,34000,3860,73200,63590,478.609375,0.8200000000000001
85,a320,37346.153846153844,39200,3270,63170,55460,470.6730769230769,0.8199519230769231
86,a320,33336.48648648649,35500,4350,70530,59900,476.1621621621622,0.8200000000000001
87,a320,40555.71428571428,41000,4250,57140,47700,470.0,0.8200000000000001
88,a320,39806.382978723406,41000,3070,58480,51480,470.0,0.8199829787234043
89,a320,39846.93877551021,41000,3170,58480,51270,470.0,0.8199979591836734
90,a320,33458.333333333336,33900,800,65170,63160,475.9166666666667,0.82
91,a320,32382.25806451613,34100,3760,72540,63190,478.1774193548387,0.8200000000000001
92,a320,37513.63636363636,38200,1780,61830,57540,470.0,0.8199090909090908
93,a320,35903.125,38600,3860,65840,56640,472.34375,0.8199750000000001
94,a320,32880.0,33900,2180,69190,63760,477.2,0.8200000000000001
95,a320,32929.545454545456,34300,2870,69860,62750,477.04545454545456,0.82
96,a320,33570.0,34900,2670,67850,61290,475.675,0.82
97,a320,32393.333333333332,33300,2180,70530,65050,478.1666666666667,0.8200000000000001
98,a320,33861.11111111111,35600,3360,67850,59670,475.037037037037,0.8200000000000001
99,a320,32327.14285714286,34300,4150,73200,62880,478.3285714285714,0.8200000000000001
100,a320,40288.88888888889,41000,2970,57140,50430,470.0,0.82
101,a320,37682.142857142855,38500,2080,61830,56870,470.0,0.8199428571428572
102,a320,41000.0,41000,4060,51790,43120,470.0,0.8200000000000001
103,a320,31629.850746268658,33400,4060,75210,65010,479.8358208955224,0.8200000000000001
104,a320,32636.486486486487,34700,4350,72540,61780,477.64864864864865,0.8200000000000001
105,a320,32360.0,33800,3170,71870,63970,478.24,0.82
106,a320,33000.0,34200,2480,69190,63050,476.8611111111111,0.82
107,a320,31965.625,33700,3860,73870,64220,479.078125,0.8200000000000001
108,a320,40216.666666666664,41000,3460,57810,50000,470.0,0.8200000000000001
109,a320,36067.64705882353,38800,4060,65840,56200,472.22058823529414,0.8199764705882353
110,a320,32257.14285714286,33900,3460,72540,63900,478.48214285714283,0.8200000000000001
111,a320,33317.5,34600,2670,68520,61940,476.225,0.82
112,a320,40940.74074074074,41000,3460,54470,46860,470.0,0.8200000000000001
113,a320,38855.555555555555,39500,700,56470,54800,470.0,0.82
114,a320,40015.27777777778,41000,4350,59150,49350,470.0,0.8200000000000001
115,a320,38537.5,39100,1390,59150,55840,470.0,0.8199375
116,a320,34640.625,35900,2280,64500,58990,473.5,0.82
117,a320,33213.23529411765,35200,4060,70530,60590,476.45588235294116,0.8200000000000001
118,a320,39831.666666666664,41000,3760,59150,50620,470.0,0.8200000000000001
119,a320,34224.32432432433,37700,4350,69190,58640,474.7027027027027,0.819964864864865
120,a320,39402.32558139535,40600,2870,59150,52550,470.0,0.8199604651162791
121,a320,33658.333333333336,34000,800,64500,62500,475.5833333333333,0.82
122,a320,33618.51851851852,35300,3360,68520,60310,475.64814814814815,0.8200000000000001
123,a320,33722.22222222222,35000,2480,67180,61110,475.44444444444446,0.82
124,a320,40967.307692307695,41000,3270,52460,45370,470.0,0.8200000000000001
125,a320,33564.28571428572,34600,2080,67180,62040,475.82142857142856,0.8200000000000001
126,a320,32585.714285714286,34300,1980,67180,62140,464.2857142857143,0.7969142857142858
127,a320,39460.0,39900,1290,57140,54110,470.0,0.8199666666666666
128,a320,40876.92307692308,41000,2670,54470,48520,470.0,0.8200000000000001
129,a320,39168.75,40500,3070,59820,52750,470.0,0.8199645833333333
130,a320,32646.153846153848,33200,800,67180,65150,477.6923076923077,0.8200000000000001
131,a320,40388.67924528302,41000,3360,57140,49580,470.0,0.8200000000000001
132,a320,31666.0,33000,3170,73870,65890,479.76,0.82
133,a320,39050.0,39600,1690,58480,54520,470.0,0.8199099999999999
134,a320,33472.72727272727,34000,700,64500,62740,475.8181818181818,0.82
135,a320,33187.5,34900,3460,69860,61350,476.51785714285717,0.8200000000000001
136,a320,40968.51851851852,41000,3360,51790,44530,470.0,0.8200000000000001
137,a320,40952.857142857145,41000,4250,54470,45220,470.0,0.8200000000000001
138,a320,37323.529411764706,38100,1490,61830,58220,469.94117647058823,0.8198705882352941
139,a320,40667.1875,41000,3960,56470,47700,470.0,0.8200000000000001
140,a320,40474.07407407407,41000,2080,55800,51070,470.0,0.8200000000000001
141,a320,37978.57142857143,38500,1090,59820,57180,470.0,0.8199500000000001
142,a320,33050.0,33200,500,63170,61890,477.0,0.82
143,a320,38506.666666666664,38900,1290,59150,56070,470.0,0.8199666666666666
144,a320,33686.76470588235,35800,4060,69190,59330,475.4264705882353,0.8200000000000001
145,a320,34133.333333333336,34800,1590,65170,61260,474.44444444444446,0.82
146,a320,34343.333333333336,35500,2180,65170,59870,474.06666666666666,0.8200000000000001
147,a320,38912.0,40300,3170,60490,53160,470.0,0.819966
148,a320,33733.333333333336,35300,3070,67850,60360,475.3125,0.82
149,a320,39665.0,40200,1690,57140,53220,470.0,0.8199099999999999
150,a320,40959.52380952381,41000,2770,52460,46390,470.0,0.82
151,a320,38239.0625,40100,3860,62500,53520,470.203125,0.8199750000000001
152,a320,40202.857142857145,41000,4250,58480,48940,470.0,0.8200000000000001
153,a320,40568.055555555555,41000,4350,57140,47490,470.0,0.8200000000000001
154,a320,38407.142857142855,40400,4150,62500,52870,470.1857142857143,0.8199757142857144
155,a320,40911.76470588235,41000,1490,51790,48440,470.0,0.82
156,a320,37913.88888888889,39000,2480,61830,55970,470.0,0.819925
157,a320,40675.757575757576,41000,4060,56470,47490,470.0,0.8200000000000001
158,a320,39308.06451612903,40900,3860,60490,51650,470.0,0.8199854838709678
159,a320,39550.0,40000,600,54470,53030,470.0,0.82
160,a320,39046.666666666664,39600,1190,57810,54990,470.0,0.8199
161,a320,38061.11111111111,38600,1590,60490,56690,470.0,0.8198500000000001
162,a320,40680.85106382979,41000,3070,55800,48950,470.0,0.82
163,a320,38063.793103448275,39800,3560,62500,54180,470.2241379310345,0.8199689655172414
164,a320,31792.85714285714,33300,3460,73870,65170,479.44642857142856,0.8200000000000001
165,a320,41000.0,41000,3860,51790,43520,470.0,0.8200000000000001
166,a320,40713.20754716981,41000,3360,55800,48320,470.0,0.8200000000000001
167,a320,33689.13043478261,35200,2970,67850,60600,475.3695652173913,0.82
168,a320,40715.38461538462,41000,990,53800,51490,470.0,0.8200000000000001
169,a320,40961.36363636364,41000,2870,51120,44910,470.0,0.82
170,a320,33065.27777777778,35200,4250,71200,60760,476.77777777777777,0.8200000000000001
171,a320,40936.36363636364,41000,1780,52460,48460,470.0,0.82
172,a320,35125.0,35400,500,58480,57240,472.5,0.82
173,a320,37204.166666666664,39000,3070,63170,55910,470.7291666666667,0.8199666666666667
174,a320,33052.63157894737,34300,2570,69190,62820,476.7368421052632,0.82
175,a320,34323.529411764706,35800,1490,64500,60840,474.11764705882354,0.82
176,a320,32666.666666666668,33300,1590,69190,65180,477.6111111111111,0.82
177,a320,38576.31578947369,39600,2570,60490,54470,470.0,0.8199552631578948
178,a320,34394.444444444445,35100,1590,64500,60600,473.94444444444446,0.82
179,a320,39890.19607843137,41000,3270,58480,51060,470.0,0.82
180,a320,35155.555555555555,35900,1590,62500,58640,472.3888888888889,0.82
181,a320,34035.48387096774,36000,3760,67850,58750,474.66129032258067,0.8200000000000001
182,a320,41000.0,41000,4250,53130,43970,470.0,0.8200000000000001
183,a320,40861.53846153846,41000,990,53130,50830,470.0,0.8200000000000001
184,a320,39605.555555555555,40100,1590,57140,53440,470.0,0.8199
185,a320,40956.14035087719,41000,3560,53800,46020,470.0,0.8200000000000001
186,a320,32975.0,35000,4060,71200,61220,476.9852941176471,0.8200000000000001
187,a320,41000.0,41000,3660,51120,43290,470.0,0.8200000000000001
188,a320,40968.51851851852,41000,3360,52460,45160,470.0,0.8200000000000001
189,a320,40693.87755102041,41000,3170,55800,48740,470.0,0.82
190,a320,40993.75,41000,1390,51790,48650,470.0,0.82
191,a320,40530.30303030303,41000,4060,57140,48120,470.0,0.8200000000000001
192,a320,31959.45945945946,34000,4350,74540,63670,479.13513513513516,0.8200000000000001
193,a320,34500.0,35300,990,63170,60710,473.7142857142857,0.8200000000000001
194,a320,35500.0,36000,800,59820,57870,471.45454545454544,0.82
195,a320,40809.72222222222,41000,4350,55800,46250,470.0,0.8200000000000001
196,a320,39222.0,40600,3170,59820,52530,470.0,0.819966
197,a320,40942.307692307695,41000,1980,51120,46750,470.0,0.8200000000000001
198,a320,40833.333333333336,41000,1190,53800,51050,470.0,0.8200000000000001
199,a320,40950.0,41000,2180,51120,46340,470.0,0.8200000000000001
200,a320,38753.57142857143,40300,3460,61160,53140,470.0,0.8199696428571429
201,a320,40952.94117647059,41000,2380,51790,46570,470.0,0.82
202,a320,40018.181818181816,40300,900,55140,53030,470.0,0.82
203,a320,35532.608695652176,38000,2970,65170,58040,472.5,0.8199434782608697
204,a320,39666.666666666664,39900,500,52460,51260,470.0,0.82
205,a320,33700.0,34900,1290,65840,62620,475.5,0.82
206,a320,33991.666666666664,35900,3660,67850,58980,474.8,0.8200000000000001
207,a320,33600.0,35600,3860,69190,59790,475.59375,0.8200000000000001
208,a320,39544.0,40200,1980,57810,53220,470.0,0.8199279999999999
209,a320,40646.666666666664,41000,3760,56470,48120,470.0,0.8200000000000001
210,a320,34867.142857142855,38100,4150,67850,57850,473.7,0.8199628571428573
211,a320,38229.166666666664,39600,3070,61830,54640,470.0,0.8199583333333335
212,a320,33023.529411764706,34300,1390,67850,64350,476.88235294117646,0.82
213,a320,39630.769230769234,40000,1090,56470,53900,470.0,0.8199615384615384
214,a320,40854.83870967742,41000,2280,54470,49350,470.0,0.8200000000000001
215,a320,32352.63157894737,33000,1590,69860,65830,478.3157894736842,0.82
216,a320,32058.333333333332,33100,2480,71870,65630,478.94444444444446,0.82
217,a320,34086.666666666664,35200,2180,65840,60520,474.6,0.8200000000000001
218,a320,40927.77777777778,41000,1590,51790,48230,470.0,0.82
219,a320,41000.0,41000,3860,53130,44780,470.0,0.8200000000000001
220,a320,33286.666666666664,34100,1090,66510,63760,476.3333333333333,0.8200000000000001
221,a320,40450.0,41000,3560,57140,49160,470.0,0.8200000000000001
222,a320,38430.0,39000,1690,59820,55820,470.0,0.8198899999999998
223,a320,38063.333333333336,39000,2180,61160,56000,470.0,0.8199166666666667
224,a320,39000.0,39500,1590,58480,54740,470.0,0.8199
225,a320,40861.11111111111,41000,3460,55140,47480,470.0,0.8200000000000001
226,a320,40960.0,41000,2670,51790,45960,470.0,0.82
227,a320,40844.8275862069,41000,2180,54470,49560,470.0,0.8200000000000001
228,a320,37950.0,38800,1980,61160,56450,470.0,0.8199
229,a320,40967.857142857145,41000,3460,51790,44330,470.0,0.8200000000000001
230,a320,38553.333333333336,40200,3660,61830,53330,470.0,0.8199716666666668
231,a320,40935.0,41000,2670,53800,47880,470.0,0.82
232,a320,40837.03703703704,41000,2080,54470,49780,470.0,0.8200000000000001
233,a320,39439.393939393936,40300,2380,58480,52990,470.0,0.8199484848484848
234,a320,33825.0,34200,600,63170,61650,475.25,0.82
235,a320,37704.34782608696,39200,2970,62500,55500,470.2826086956522,0.8199478260869566
236,a320,36264.51612903226,38800,3760,65170,56240,471.85483870967744,0.8199741935483872
237,a320,38853.333333333336,39200,1290,58480,55420,470.0,0.8199666666666666
238,a320,38992.307692307695,39300,1090,57810,55210,470.0,0.819976923076923
239,a320,40342.857142857145,41000,3170,57140,50010,470.0,0.82
240,a320,34820.0,37900,3660,67180,58350,473.71666666666664,0.8199566666666667
241,a320,34276.470588235294,35700,1390,64500,61070,474.2352941176471,0.82
242,a320,33517.64705882353,34900,1390,66510,63040,475.88235294117646,0.82
243,a320,31748.4375,33500,3860,74540,64850,479.59375,0.8200000000000001
244,a320,38808.620689655174,40400,3560,61160,52920,470.0,0.8199706896551725
245,a320,38025.0,38500,700,58480,56780,470.0,0.82
246,a320,38219.444444444445,39300,2480,61160,55330,470.0,0.8199388888888889
247,a320,40637.5,41000,700,53130,51490,470.0,0.82
248,a320,31768.18181818182,33000,2870,73200,65960,479.52272727272725,0.82
249,a320,39205.26315789474,40200,2570,59150,53200,470.0,0.8199552631578948
250,a320,39916.666666666664,40400,1590,56470,52790,470.0,0.8199055555555556
251,a320,33359.52380952381,34700,2770,68520,61700,476.1190476190476,0.82
252,a320,40952.94117647059,41000,2380,52460,47220,470.0,0.82
253,a320,33564.705882352944,34900,1490,66510,62800,475.8235294117647,0.82
254,a320,35197.05882352941,38300,4060,67180,57450,473.27941176470586,0.819964705882353
255,a320,40354.545454545456,40700,900,54470,52370,470.0,0.82
256,a320,37378.94736842105,38700,2570,62500,56390,470.42105263157896,0.8199578947368421
257,a320,32297.222222222223,33400,2480,71200,64990,478.44444444444446,0.82
258,a320,38543.75,39900,3070,61160,54010,470.0,0.8199666666666667
259,a320,38415.625,39300,2280,60490,55140,470.0,0.8199375
260,a320,32848.3870967742,34700,3760,71200,61920,477.2258064516129,0.8200000000000001
261,a320,40937.5,41000,1880,51790,47600,470.0,0.82
262,a320,34800.0,35000,500,59150,57900,473.0,0.82
263,a320,35372.22222222222,38500,4250,67180,57000,473.09722222222223,0.8199722222222223
264,a320,34523.61111111111,37900,4250,68520,58240,474.27777777777777,0.8199638888888889
265,a320,38952.5,40100,2670,59820,53620,470.0,0.8199574999999999
266,a320,39315.38461538462,39600,1090,57140,54560,470.0,0.8199692307692307
267,a320,32188.095238095237,33400,2770,71870,64920,478.6666666666667,0.82
268,a320,34428.57142857143,37800,4150,68520,58470,474.4,0.8199628571428573
269,a320,33821.153846153844,35500,3270,67850,59900,475.1730769230769,0.8200000000000001
270,a320,36135.416666666664,38400,3070,64500,57180,471.875,0.8199583333333335
271,a320,35698.57142857143,38700,4150,66510,56600,472.62857142857143,0.819977142857143
272,a320,34720.68965517241,37800,3560,67180,58580,473.8448275862069,0.8199551724137931
273,a320,32576.923076923078,32900,900,67850,65570,477.84615384615387,0.8200000000000001
274,a320,39117.391304347824,40400,2970,59820,52960,470.0,0.8199630434782609
275,a320,36430.95238095238,38400,2770,63840,57220,471.3809523809524,0.819952380952381
276,a320,41000.0,41000,4350,52460,43140,470.0,0.8200000000000001
277,a320,40927.77777777778,41000,1590,52460,48880,470.0,0.82
278,a320,39161.53846153846,39600,990,57140,54780,470.0,0.8199538461538461
279,a320,34184.782608695656,35800,2970,66510,59310,474.3695652173913,0.82
280,a320,31566.666666666668,33600,1690,67850,63530,453.44444444444446,0.7746444444444445
281,a320,41000.0,41000,4150,51790,42920,470.0,0.8200000000000001
282,a320,40927.77777777778,41000,1590,53130,49530,470.0,0.82
283,a320,35227.27272727273,35700,800,60490,58530,472.27272727272725,0.82
284,a320,40963.82978723404,41000,3070,53130,46410,470.0,0.82
285,a320,36560.34482758621,38900,3560,64500,56060,471.55172413793105,0.8199724137931036
286,a320,36933.333333333336,37500,1090,61830,59150,470.06666666666666,0.8199733333333333
287,a320,36923.07692307692,38100,1980,62500,57740,470.61538461538464,0.8199192307692308
288,a320,31983.333333333332,33500,3360,73200,64770,479.0740740740741,0.8200000000000001
289,a320,32869.230769230766,34400,3270,70530,62450,477.2307692307692,0.8200000000000001
290,a320,38737.5,39600,2280,59820,54490,470.0,0.819946875
291,a320,35600.0,35800,700,59150,57440,471.44444444444446,0.82
292,a320,33144.444444444445,34800,3360,69860,61580,476.5925925925926,0.8200000000000001
293,a320,35783.333333333336,38800,4250,66510,56370,472.55555555555554,0.8199777777777779
294,a320,34211.11111111111,35500,2480,65840,59820,474.44444444444446,0.82
295,a320,37088.88888888889,39700,4250,64500,54510,471.25,0.8199722222222223
296,a320,32704.545454545456,33400,1780,69190,64700,477.54545454545456,0.82
297,a320,40048.275862068964,41000,3660,58480,50200,470.0,0.8200000000000001
298,a320,40187.179487179485,41000,2670,57140,51070,470.0,0.8200000000000001
299,a320,40002.32558139535,41000,2870,57810,51280,470.0,0.8199976744186045
300,a320,36716.12903225807,39100,3760,64500,55610,471.4516129032258,0.8199741935483872
301,a320,36770.0,38800,3170,63840,56320,471.16,0.819968
302,a320,35309.52380952381,37800,2770,65170,58490,472.73809523809524,0.8199380952380951
303,a320,32763.88888888889,33900,2480,69860,63700,477.44444444444446,0.82
304,a320,34018.0,35700,3170,67180,59490,474.76,0.82
305,a320,39593.75,40400,1490,57140,53660,469.9375,0.8197749999999999
306,a320,34582.35294117647,36200,1490,63840,60180,473.47058823529414,0.82
307,a320,40920.0,41000,2180,53800,48920,470.0,0.8200000000000001
308,a320,40226.829268292684,41000,2770,57140,50860,470.0,0.82
309,a320,40481.25,41000,1490,55140,51700,470.0,0.8199749999999999
310,a320,40951.02040816326,41000,3170,53800,46840,470.0,0.82
311,a320,33409.375,34500,2280,67850,62230,476.0625,0.82
312,a320,36850.0,38900,3270,63840,56100,471.11538461538464,0.8199692307692307
313,a320,40946.666666666664,41000,2180,53130,48280,470.0,0.8200000000000001
314,a320,32930.0,33600,1690,68520,64290,477.2,0.82
315,a320,40868.96551724138,41000,3660,55140,47070,470.0,0.8200000000000001
316,a320,34987.5,36000,1880,63170,58610,472.875,0.82
317,a320,39988.57142857143,41000,4250,59150,49560,470.0,0.8200000000000001
318,a320,31883.333333333332,33500,3660,73870,64690,479.31666666666666,0.8200000000000001
319,a320,40503.44827586207,41000,2180,55800,50850,470.0,0.8200000000000001
320,a320,33427.27272727273,34200,1780,67180,62750,475.95454545454544,0.82
321,a320,40664.0,41000,1980,55140,50630,470.0,0.82
322,a320,37741.666666666664,38200,900,59820,57640,470.0,0.8199916666666667
323,a320,33991.666666666664,34900,1880,65840,61210,474.9166666666667,0.82
324,a320,34333.333333333336,35800,2770,65840,59130,474.1190476190476,0.82
325,a320,40946.42857142857,41000,2080,51120,46540,470.0,0.8200000000000001
326,a320,32479.41176470588,33500,2380,70530,64580,478.02941176470586,0.82
327,a320,40688.88888888889,41000,2080,55140,50420,470.0,0.8200000000000001
328,a320,40486.666666666664,41000,3760,57140,48740,470.0,0.8200000000000001
329,a320,40948.3870967742,41000,3860,54470,46030,470.0,0.8200000000000001
330,a320,37847.05882352941,38800,2380,61830,56200,470.0,0.8199499999999998
331,a320,39917.94871794872,41000,2670,57810,51700,470.0,0.8199564102564103
332,a320,31661.666666666668,33300,3660,74540,65330,479.75,0.8200000000000001
333,a320,40668.88888888889,41000,2970,55800,49160,470.0,0.82
334,a320,32111.666666666668,33800,3660,73200,64060,478.76666666666665,0.8200000000000001
335,a320,39167.605633802814,41000,4250,61160,51410,470.0,0.8199943661971832
336,a320,32314.583333333332,33700,3070,71870,64200,478.3125,0.82
337,a320,33955.555555555555,35200,2480,66510,60470,474.8611111111111,0.82
338,a320,37364.28571428572,37800,1090,61160,58500,470.0,0.8199571428571428
339,a320,33823.333333333336,34900,2180,66510,61160,475.2,0.8200000000000001
340,a320,32670.0,33300,1690,69190,64940,477.55,0.82
341,a320,37733.333333333336,38300,1590,61160,57340,470.0,0.8199111111111111
342,a320,40952.94117647059,41000,2380,51120,45930,470.0,0.82
343,a320,32800.0,33200,900,67180,64910,477.3076923076923,0.8200000000000001
344,a320,40961.53846153846,41000,1090,53130,50610,470.0,0.8200000000000001
345,a320,31896.0,33300,3170,73200,65250,479.2,0.82
346,a320,32591.666666666668,34600,4250,72540,62010,477.72222222222223,0.8200000000000001
347,a320,40319.14893617021,41000,3070,57140,50220,470.0,0.82
348,a320,37888.46153846154,39500,3270,62500,54830,470.25,0.8199615384615384
349,a320,41000.0,41000,3760,51120,43090,470.0,0.8200000000000001
350,a320,40866.07142857143,41000,3560,55140,47280,470.0,0.8200000000000001
351,a320,34728.57142857143,35400,990,62500,60050,473.35714285714283,0.8200000000000001
352,a320,38436.36363636364,39700,2870,61160,54450,470.0,0.8199590909090908
353,a320,36604.34782608696,38600,2970,63840,56770,471.2608695652174,0.8199652173913045
354,a320,33735.71428571428,34500,990,65170,62680,475.42857142857144,0.8200000000000001
355,a320,40293.54838709677,41000,2280,56470,51280,470.0,0.8199935483870968
356,a320,33300.0,33800,900,65840,63590,476.3076923076923,0.8200000000000001
357,a320,40927.77777777778,41000,1590,51120,47580,470.0,0.82
358,a320,40950.0,41000,2180,51790,46980,470.0,0.8200000000000001
359,a320,34140.90909090909,35700,2870,66510,59540,474.45454545454544,0.82
360,a320,31703.225806451614,33400,3760,74540,65090,479.6774193548387,0.8200000000000001
361,a320,40206.25,41000,1490,55800,52350,469.9375,0.8197999999999999
362,a320,39663.46153846154,41000,3360,59150,51470,470.0,0.8199846153846154
363,a320,34313.333333333336,35400,1090,63840,61130,474.1333333333333,0.8200000000000001
364,a320,40882.92682926829,41000,2770,54470,48310,470.0,0.82
365,a320,40855.555555555555,41000,2480,54470,48930,470.0,0.82
366,a320,32173.333333333332,33100,2180,71200,65700,478.7,0.8200000000000001
367,a320,32884.61538461538,33500,800,66510,64490,477.2307692307692,0.8200000000000001
368,a320,31938.46153846154,33400,3270,73200,65010,479.13461538461536,0.8200000000000001
369,a320,40940.0,41000,1290,53130,50180,470.0,0.8200000000000001
370,a320,32531.03448275862,34200,3560,71870,63020,477.8965517241379,0.8200000000000001
371,a320,32173.076923076922,33700,3270,72540,64370,478.6923076923077,0.8200000000000001
372,a320,32676.470588235294,33800,1290,68520,65250,477.52941176470586,0.82
373,a320,40395.65217391304,41000,1880,55800,51490,470.0,0.8199434782608696
374,a320,39250.0,39700,600,55140,53690,470.0,0.82
375,a320,34984.61538461538,35500,990,61830,59390,472.6923076923077,0.8200000000000001
376,a320,40933.333333333336,41000,1390,53800,50620,470.0,0.8200000000000001
377,a320,40966.0,41000,3170,52460,45570,470.0,0.82
378,a320,37143.333333333336,39300,3660,63840,55210,470.96666666666664,0.81996
379,a320,39100.0,39400,900,57140,55010,470.0,0.82
380,a320,40964.583333333336,41000,3070,51120,44500,470.0,0.82
381,a320,38635.71428571428,39400,2080,59820,54930,470.0,0.8199357142857143
382,a320,32095.714285714286,34000,4150,73870,63510,478.85714285714283,0.8200000000000001
383,a320,37414.705882352944,39700,4060,63840,54330,470.8529411764706,0.8199705882352941
384,a320,32183.783783783783,34200,4350,73870,63040,478.63513513513516,0.8200000000000001
385,a320,34380.0,34900,700,62500,60750,474.0,0.82
386,a320,40895.833333333336,41000,4350,55140,45630,470.0,0.8200000000000001
387,a320,34059.61538461538,35800,3270,67180,59260,474.6923076923077,0.8200000000000001
388,a320,40895.744680851065,41000,3070,54470,47680,470.0,0.82
389,a320,33902.083333333336,38100,3360,65840,57620,454.7708333333333,0.7845895833333335
390,a320,33845.23809523809,35300,2770,67180,60420,475.1190476190476,0.82
391,a320,34225.0,35900,3070,66510,59080,474.3125,0.82
392,a320,34761.53846153846,35800,1980,63840,59030,473.11538461538464,0.8200000000000001
393,a320,34523.529411764706,36000,1390,63840,60420,473.70588235294116,0.82
394,a320,37425.0,37900,900,60490,58300,470.0,0.82
395,a320,37946.2962962963,39600,3360,62500,54610,470.24074074074076,0.8199629629629628
396,a320,39293.75,40200,1490,57810,54310,469.875,0.81974375
397,a320,35045.94594594595,38300,4350,67850,57400,473.5135135135135,0.819968918918919
398,a320,34994.444444444445,37800,3360,66510,58400,473.35185185185185,0.8199518518518519
399,a320,36947.05882352941,39500,4060,64500,54950,471.3235294117647,0.819964705882353
400,a320,31478.125,33200,4060,75880,65640,480.171875,0.8200000000000001
401,a320,35014.28571428572,35200,600,59820,58340,472.7142857142857,0.8200000000000001
402,a320,40705.882352941175,41000,3270,55800,48530,470.0,0.82
403,a320,33116.666666666664,34100,2180,68520,63110,476.76666666666665,0.8200000000000001
404,a320,34493.181818181816,38300,3560,65840,57200,462.52272727272725,0.7986522727272726
405,a320,39372.72727272727,39700,900,56470,54350,470.0,0.82
406,a320,31961.904761904763,33200,2770,72540,65560,479.14285714285717,0.82
407,a320,41000.0,41000,3860,51120,42890,470.0,0.8200000000000001
408,a320,38841.666666666664,39800,2480,59820,54050,470.0,0.8199527777777779
409,a320,33092.5,34400,2670,69190,62580,476.675,0.82
410,a320,40474.41860465116,41000,2870,56470,50010,470.0,0.82
411,a320,35681.57894736842,37900,2570,64500,58310,472.2894736842105,0.8199315789473685
412,a320,40100.0,40700,1880,56470,52140,470.0,0.8199260869565217
413,a320,33796.77419354839,35800,3760,68520,59380,475.241935483871,0.8200000000000001
414,a320,32300.0,34000,3560,72540,63660,478.41379310344826,0.8200000000000001
415,a320,38939.28571428572,39700,2080,59150,54290,470.0,0.8199392857142858
416,a320,33770.833333333336,36000,4250,69190,58870,475.27777777777777,0.8200000000000001
417,a320,40863.63636363636,41000,2380,54470,49140,470.0,0.82
418,a320,35422.72727272727,37900,2870,65170,58270,472.6136363636364,0.8199409090909092
419,a320,33366.666666666664,34400,2180,67850,62460,476.1,0.8200000000000001
420,a320,38684.61538461538,39100,1090,58480,55870,470.0,0.819923076923077
421,a320,34200.0,34400,500,60490,59230,474.25,0.82
422,a320,33650.0,34400,1690,66510,62330,475.4,0.82
423,a320,32489.285714285714,34100,3460,71870,63260,478.05357142857144,0.8200000000000001
424,a320,32421.875,34200,3860,72540,62950,478.109375,0.8200000000000001
425,a320,40891.11111111111,41000,2970,54470,47890,470.0,0.82
426,a320,32666.666666666668,33400,990,67850,65320,477.6666666666667,0.8200000000000001
427,a320,33776.0,35400,3170,67850,60130,475.24,0.82
428,a320,34695.454545454544,35600,1780,63840,59490,473.1818181818182,0.82
429,a320,38654.6875,40400,3860,61830,52900,470.0,0.819971875
430,a320,40250.0,40700,600,53130,51700,470.0,0.82
431,a320,40242.857142857145,41000,3560,57810,49790,470.0,0.8200000000000001
432,a320,40961.36363636364,41000,2870,51790,45550,470.0,0.82
433,a320,40966.0,41000,3170,51790,44940,470.0,0.82
434,a320,40966.0,41000,3170,51120,44300,470.0,0.82
435,a320,34622.22222222222,35000,700,61830,60090,473.55555555555554,0.82
436,a320,35993.181818181816,38200,2870,64500,57630,471.97727272727275,0.8199477272727271
437,a320,32385.714285714286,33100,1690,69860,65600,478.2857142857143,0.82
438,a320,33276.666666666664,35100,3660,69860,60880,476.31666666666666,0.8200000000000001
439,a320,32603.571428571428,33500,2080,69860,64640,477.7857142857143,0.8200000000000001
440,a320,40602.7027027027,41000,2570,55800,50000,470.0,0.82
441,a320,38000.0,39000,1490,60490,56920,469.88235294117646,0.8197470588235295
442,a320,38875.0,39500,1390,58480,55190,470.0,0.8198375
443,a320,32787.142857142855,34800,4150,71870,61620,477.37142857142857,0.8200000000000001
444,a320,38225.0,38800,1390,59820,56500,470.0,0.819925
445,a320,40961.36363636364,41000,2870,53130,46820,470.0,0.82
446,a320,40950.0,41000,2280,52460,47420,470.0,0.82
447,a320,40993.75,41000,1390,51120,48000,470.0,0.82
448,a320,39566.666666666664,40100,700,55140,53470,470.0,0.82
449,a320,33108.10810810811,35300,4350,71200,60520,476.7027027027027,0.8200000000000001
450,a320,32541.176470588234,33700,1390,69190,65660,477.94117647058823,0.82
451,a320,37079.31034482759,39300,3560,63840,55430,471.0,0.8199568965517242
452,a320,36309.45945945946,39200,4350,65840,55530,472.0405405405405,0.8199783783783785
453,a320,37600.0,38300,1390,61160,57800,470.0,0.8198749999999999
454,a320,32047.82608695652,33400,2970,72540,65080,478.9347826086956,0.82
455,a320,40951.470588235294,41000,4150,54470,45420,470.0,0.8200000000000001
456,a320,39866.12903225807,41000,3860,59150,50400,470.0,0.8200000000000001
457,a320,37968.42105263158,39100,2570,61830,55750,470.0,0.8199315789473685
458,a320,35300.0,35500,600,59150,57670,472.14285714285717,0.8200000000000001
459,a320,37770.833333333336,39300,3070,62500,55280,470.2708333333333,0.81995
460,a320,32550.0,34000,3070,71200,63560,477.8958333333333,0.82
461,a320,40917.857142857145,41000,2080,53800,49130,470.0,0.8200000000000001
462,a320,32463.636363636364,33800,2870,71200,64040,478.04545454545456,0.82
463,a320,32846.42857142857,33800,2080,69190,63990,477.25,0.8200000000000001
464,a320,40750.0,41000,1590,54470,50840,470.0,0.82
465,a320,40953.333333333336,41000,1290,52460,49520,470.0,0.8200000000000001
466,a320,38295.454545454544,40200,3960,62500,53300,470.1969696969697,0.8199757575757577
467,a320,40804.255319148935,41000,3070,55140,48320,470.0,0.82
468,a320,31576.785714285714,33100,3460,74540,65810,479.98214285714283,0.8200000000000001
469,a320,38180.645161290326,40000,3760,62500,53740,470.2096774193548,0.8199741935483872
470,a320,38406.666666666664,38900,1190,59150,56300,470.0,0.8199666666666666
471,a320,40134.375,41000,3960,58480,49570,470.0,0.8200000000000001
472,a320,32656.25,34500,3860,71870,62320,477.671875,0.8200000000000001
473,a320,38340.0,38700,600,57140,55680,470.0,0.82
474,a320,33962.5,35100,1290,65170,61970,474.875,0.82
475,a320,40967.92452830189,41000,3360,53130,45800,470.0,0.8200000000000001
476,a320,38050.0,38100,500,55800,54580,470.0,0.82
477,a320,40819.60784313725,41000,3270,55140,47900,470.0,0.82
478,a320,40978.57142857143,41000,1090,51120,48640,470.0,0.8200000000000001
479,a320,37159.375,38400,2280,62500,57060,470.5,0.81995
480,a320,40692.857142857145,41000,4250,56470,47080,470.0,0.8200000000000001
481,a320,32971.739130434784,34400,2970,69860,62520,476.9782608695652,0.82
482,a320,39864.86486486487,40900,2570,57810,51920,470.0,0.8199540540540542
483,a320,31757.534246575342,33700,4350,75210,64300,479.5342465753425,0.8200000000000001
484,a320,39353.65853658537,40500,2770,59150,52760,470.0,0.8199585365853658
485,a320,34670.0,35500,1690,63840,59720,473.4,0.82
486,a320,32929.41176470588,34100,1290,67850,64600,477.11764705882354,0.82
487,a320,36716.666666666664,38300,2480,63170,57250,470.97222222222223,0.8199472222222223
488,a320,40762.16216216216,41000,2570,55140,49360,470.0,0.82
489,a320,40903.92156862745,41000,3270,54470,47270,470.0,0.82
490,a320,33532.0,35100,3170,68520,60770,475.8,0.82
491,a320,34420.0,35200,1690,64500,60370,473.9,0.82
492,a320,32605.0,33800,2670,70530,63870,477.725,0.82
493,a320,33402.27272727273,34800,2870,68520,61470,476.0681818181818,0.82
494,a320,31500.0,33100,3760,75210,65720,480.11475409836066,0.8200000000000001
495,a320,32874.32432432433,35000,4350,71870,61150,477.2027027027027,0.8200000000000001
496,a320,33276.31578947369,34500,2570,68520,62170,476.39473684210526,0.82
497,a320,39356.6037735849,40800,3360,59820,52100,470.0,0.8199679245283018
498,a320,33478.57142857143,34200,990,65840,63340,475.92857142857144,0.8200000000000001
499,a320,33817.64705882353,35200,1490,65840,62150,475.1764705882353,0.82
500,a320,34128.57142857143,34500,600,62500,60990,474.57142857142856,0.8200000000000001
501,a320,40942.307692307695,41000,1980,53130,48690,470.0,0.8200000000000001
502,a320,33528.94736842105,34800,2570,67850,61520,475.7368421052632,0.82
503,a320,41000.0,41000,3560,53130,45390,470.0,0.8200000000000001
504,a320,34290.0,35700,2670,65840,59360,474.2,0.82
505,a320,32650.0,33900,2770,70530,63630,477.6666666666667,0.82
506,a320,32423.809523809523,33700,2770,71200,64270,478.0952380952381,0.82
507,a320,32279.166666666668,33000,1880,70530,65770,478.4583333333333,0.82
508,a320,40800.0,41000,1880,54470,50200,470.0,0.82
509,a320,37616.21621621621,40000,4350,63840,53670,470.7837837837838,0.8199756756756758
510,a320,39257.142857142855,40000,2080,58480,53640,470.0,0.8199392857142858
511,a320,37930.0,40100,4150,63170,53490,470.5,0.819977142857143
512,a320,34040.0,35100,1090,64500,61790,474.73333333333335,0.8200000000000001
513,a320,37159.45945945946,39800,4350,64500,54290,471.2162162162162,0.819972972972973
514,a320,38351.470588235294,40300,4060,62500,53080,470.19117647058823,0.8199764705882353
515,a320,39540.0,40000,800,55800,53910,470.0,0.82
516,a320,33038.333333333336,34800,3660,70530,61520,476.8333333333333,0.8200000000000001
517,a320,41000.0,41000,3660,51790,43920,470.0,0.8200000000000001
518,a320,37846.153846153844,38300,990,59820,57410,470.0,0.8200000000000001
519,a320,39844.0,40500,1980,57140,52570,470.0,0.819932
520,a320,39100.0,40000,2380,59150,53630,470.0,0.81995
521,a320,32850.0,34100,2670,69860,63220,477.3,0.82
522,a320,37018.57142857143,39600,4150,64500,54730,471.2857142857143,0.819967142857143
523,a320,40636.58536585366,41000,2770,55800,49580,470.0,0.82
524,a320,40580.0,41000,2480,55800,50220,470.0,0.82
525,a320,34968.181818181816,35900,1780,63170,58840,472.90909090909093,0.82
526,a320,40780.48780487805,41000,2770,55140,48940,470.0,0.82
527,a320,40203.7037037037,40900,2080,56470,51710,470.0,0.819937037037037
528,a320,37465.0,38100,1690,61830,57770,470.0,0.8199
529,a320,33880.30303030303,36000,3960,68520,58920,475.09090909090907,0.8200000000000001
530,a320,32630.76923076923,34200,3270,71200,63090,477.6730769230769,0.8200000000000001
531,a320,40634.48275862069,41000,3660,56470,48330,470.0,0.8200000000000001
532,a320,38733.333333333336,39200,1190,58480,55640,470.0,0.8199133333333333
533,a320,38325.0,39500,2670,61160,54890,470.0,0.8199500000000001
534,a320,36500.0,39100,4060,65170,55570,471.69117647058823,0.8199764705882353
535,a320,40941.666666666664,41000,1880,51120,46960,470.0,0.82
536,a320,32353.571428571428,33200,2080,70530,65290,478.2142857142857,0.8200000000000001
537,a320,38163.63636363636,38800,1780,60490,56240,470.0,0.8198863636363636
538,a320,38996.666666666664,39800,2180,59150,54070,470.0,0.8199433333333334
539,a320,39773.333333333336,40200,1290,56470,53450,470.0,0.8199666666666666
540,a320,40959.52380952381,41000,2770,51120,45110,470.0,0.82
541,a320,33445.58823529412,35500,4060,69860,59960,476.0,0.8200000000000001
542,a320,35819.354838709674,38500,3760,65840,56870,472.4193548387097,0.8199693548387096
543,a320,40950.0,41000,2280,53130,48070,470.0,0.82
544,a320,32239.39393939394,34100,3960,73200,63350,478.530303030303,0.8200000000000001
545,a320,40968.51851851852,41000,3360,51120,43900,470.0,0.8200000000000001
546,a320,33080.645161290326,34900,3760,70530,61290,476.758064516129,0.8200000000000001
547,a320,40900.0,41000,3170,54470,47480,470.0,0.82
548,a320,39070.149253731346,40900,4060,61160,51840,470.0,0.8199865671641792
549,a320,36148.57142857143,38900,4150,65840,55970,472.15714285714284,0.819977142857143
550,a320,32138.88888888889,34100,4250,73870,63270,478.77777777777777,0.8200000000000001
551,a320,39018.51851851852,40500,3360,60490,52730,470.0,0.8199685185185186
552,a320,40950.0,41000,4060,54470,45620,470.0,0.8200000000000001
553,a320,40957.142857142855,41000,1090,52460,49960,470.0,0.8200000000000001
554,a320,32361.53846153846,32900,800,67850,65810,478.15384615384613,0.8200000000000001
555,a320,33015.0,34500,2180,67180,61730,469.15,0.8067
556,a320,35425.0,35700,500,57810,56570,471.75,0.82
557,a320,32777.083333333336,34200,3070,70530,62920,477.3541666666667,0.82
558,a320,32829.41176470588,34000,1490,68520,64770,477.2352941176471,0.82
559,a320,32963.63636363636,33700,1780,68520,64050,476.95454545454544,0.82
560,a320,32776.470588235294,34000,1390,68520,65010,477.3529411764706,0.82
561,a320,34919.354838709674,38000,3760,67180,58120,473.5967741935484,0.8199580645161292
562,a320,33000.0,33300,600,65170,63640,476.875,0.82
563,a320,33316.12903225807,35200,3760,69860,60650,476.2258064516129,0.8200000000000001
564,a320,36801.5625,39300,3860,64500,55390,471.40625,0.8199609375000001
565,a320,40960.0,41000,2670,52460,46600,470.0,0.82
566,a320,33720.833333333336,34600,1880,66510,61860,475.375,0.82
567,a320,40988.333333333336,41000,3760,53800,45610,470.0,0.8200000000000001
568,a320,39965.0,40500,1690,56470,52570,470.0,0.819915
569,a320,37106.666666666664,37600,1190,61830,58920,470.0,0.81996
570,a320,40330.30303030303,41000,2380,56470,51070,470.0,0.82
571,a320,37550.0,39900,4250,63840,53890,470.80555555555554,0.819975
572,a320,40950.0,41000,2280,51120,46130,470.0,0.82
573,a320,39762.22222222222,41000,2970,58480,51700,470.0,0.819962222222222
574,a320,33020.0,35100,4150,71200,60990,476.85714285714283,0.8200000000000001
575,a320,34940.0,35800,1690,63170,59060,472.9,0.82
576,a320,34603.333333333336,35800,2180,64500,59220,473.53333333333336,0.8200000000000001
577,a320,39188.88888888889,39800,700,55800,54130,470.0,0.82
578,a320,38211.11111111111,38800,700,57810,56120,470.0,0.82
579,a320,31618.96551724138,33200,3560,74540,65570,479.87931034482756,0.8200000000000001
580,a320,38815.942028985504,40700,4150,61830,52250,470.0,0.8199826086956521
581,a320,37447.5,38800,2670,62500,56160,470.4,0.81996
582,a320,40773.333333333336,41000,3760,55800,47490,470.0,0.8200000000000001
583,a320,40987.03703703704,41000,3460,53800,46220,470.0,0.8200000000000001
584,a320,38336.53846153846,39800,3270,61830,54200,470.0,0.8199653846153846
585,a320,36961.90476190476,38600,2770,63170,56580,470.8333333333333,0.8199619047619048
586,a320,40930.0,41000,1690,53130,49320,470.0,0.82
587,a320,32156.451612903227,33900,3760,73200,63820,478.69354838709677,0.8200000000000001
588,a320,39750.0,41000,4250,59820,50180,470.0,0.8200000000000001
589,a320,31856.25,33200,3070,73200,65490,479.2708333333333,0.82
590,a320,33925.0,34100,500,61160,59900,475.0,0.82
591,a320,38120.454545454544,39400,2870,61830,55090,470.0,0.8199545454545454
592,a320,40942.307692307695,41000,1980,51790,47400,470.0,0.8200000000000001
593,a320,32742.647058823528,34700,4060,71870,61850,477.44117647058823,0.8200000000000001
594,a320,33273.07692307692,34200,1980,67850,62930,476.15384615384613,0.8200000000000001
595,a320,33302.94117647059,35700,2570,66510,60170,466.70588235294116,0.8037117647058823
596,a320,33197.05882352941,34300,2380,68520,62640,476.52941176470586,0.82
597,a320,33780.0,34700,1090,65170,62450,475.26666666666665,0.8200000000000001
598,a320,37790.625,38700,2280,61830,56420,470.0,0.81995
599,a320,34922.22222222222,35700,1590,63170,59290,472.94444444444446,0.82
600,a320,32993.10344827586,34700,3560,70530,61750,476.91379310344826,0.8200000000000001
601,a320,36640.0,39000,3660,64500,55840,471.5,0.8199733333333333
602,a320,39187.5,39800,1390,57810,54540,470.0,0.81984375
603,a320,33531.944444444445,35700,4250,69860,59500,475.77777777777777,0.8200000000000001
604,a320,33232.75862068965,35000,3560,69860,61120,476.44827586206895,0.8200000000000001
605,a320,33255.71428571428,35300,4150,70530,60360,476.37142857142857,0.8200000000000001
606,a320,34195.454545454544,35000,1780,65170,60790,474.3636363636364,0.82
607,a320,37635.294117647056,38400,1490,61160,57570,469.94117647058823,0.8198705882352941
608,a320,33575.67567567567,35800,4350,69860,59270,475.7027027027027,0.8200000000000001
609,a320,39297.4358974359,40400,2670,59150,52980,470.0,0.8199564102564103
610,a320,32561.53846153846,33400,1980,69860,64880,477.8076923076923,0.8200000000000001
611,a320,40700.0,41000,600,52460,51040,470.0,0.82
612,a320,32004.545454545456,33300,2870,72540,65320,479.0,0.82
613,a320,33060.0,34600,3170,69860,62050,476.84,0.82
614,a320,40253.846153846156,40600,1090,55140,52580,470.0,0.8199615384615384
615,a320,33135.71428571428,34500,2770,69190,62340,476.6190476190476,0.82
616,a320,32067.241379310344,33700,3560,73200,64300,478.82758620689657,0.8200000000000001
617,a320,40987.93103448276,41000,3660,53800,45810,470.0,0.8200000000000001
618,a320,35484.61538461538,36000,990,60490,58070,471.61538461538464,0.8200000000000001
619,a320,39713.95348837209,40900,2870,58480,51910,470.0,0.8199604651162791
620,a320,39866.666666666664,40400,600,53800,52370,470.0,0.82
621,a320,31837.931034482757,33400,3560,73870,64930,479.3965517241379,0.8200000000000001
622,a320,34542.5,36000,2670,65170,58720,473.65,0.82
623,a320,33168.181818181816,35100,3960,70530,60820,476.54545454545456,0.8200000000000001
624,a320,33254.166666666664,34100,1880,67850,63160,476.375,0.82
625,a320,40233.333333333336,40700,1590,55800,52140,470.0,0.8199055555555556
626,a320,40881.25,41000,3960,55140,46450,470.0,0.8200000000000001
627,a320,40014.28571428572,41000,3560,58480,50420,470.0,0.8200000000000001
628,a320,40047.619047619046,40600,1780,56470,52360,470.0,0.8199190476190475
629,a320,35440.625,38400,3860,66510,57270,472.875,0.8199671875000001
630,a320,33297.22222222222,35400,4250,70530,60130,476.30555555555554,0.8200000000000001
631,a320,31835.29411764706,33700,4060,74540,64380,479.4264705882353,0.8200000000000001
632,a320,41000.0,41000,3960,52460,43950,470.0,0.8200000000000001
633,a320,40948.88888888889,41000,2970,53800,47260,470.0,0.82
634,a320,40893.333333333336,41000,1290,53800,50830,470.0,0.8200000000000001
635,a320,38919.17808219178,40900,4350,61830,51820,470.0,0.8199863013698631
636,a320,38841.666666666664,39500,1880,59150,54730,470.0,0.8199291666666667
637,a320,34026.92307692308,35000,1980,65840,60980,474.88461538461536,0.8200000000000001
638,a320,39069.642857142855,40600,3460,60490,52510,470.0,0.8199696428571429
639,a320,39588.88888888889,40300,2080,57810,53000,470.0,0.8199333333333334
640,a320,39896.2962962963,40600,2080,57140,52360,470.0,0.819937037037037
641,a320,36537.5,38100,2280,63170,57700,471.09375,0.8199343749999999
642,a320,32200.0,32500,600,67180,65640,478.5,0.82
643,a320,40634.782608695656,41000,1880,55140,50850,470.0,0.82
644,a320,37192.307692307695,37600,990,61160,58730,470.0,0.8200000000000001
645,a320,37217.64705882353,38100,1390,61830,58460,470.0,0.8198529411764706
646,a320,40915.38461538462,41000,990,52460,50170,470.0,0.8200000000000001
647,a320,40000.0,40200,500,51790,50600,470.0,0.82
648,a320,38020.0,39200,2670,61830,55530,470.0,0.8199375
649,a320,40873.333333333336,41000,3760,55140,46860,470.0,0.8200000000000001
650,a320,32826.0,34300,3170,70530,62690,477.28,0.82
651,a320,39795.65217391304,40400,1880,57140,52790,470.0,0.8199260869565217
652,a320,32091.666666666668,33500,3070,72540,64850,478.8541666666667,0.82
653,a320,37083.333333333336,38300,2180,62500,57290,470.53333333333336,0.8199366666666668
654,a320,40148.0,40800,1980,56470,51920,470.0,0.819932
655,a320,37840.90909090909,38500,1780,61160,56890,470.0,0.8199272727272727
656,a320,38785.294117647056,39700,2380,59820,54270,470.0,0.81995
657,a320,40114.28571428572,41000,3170,57810,50640,470.0,0.82
658,a320,34760.0,35100,700,61160,59430,473.1,0.82
659,a320,38754.545454545456,39100,900,57810,55660,470.0,0.82
660,a320,34225.0,35400,1290,64500,61310,474.4375,0.82
661,a320,40930.0,41000,1690,51790,48020,470.0,0.82
662,a320,32866.666666666664,33500,1590,68520,64530,477.22222222222223,0.82
663,a320,35987.878787878784,38700,3960,65840,56420,472.27272727272725,0.8199757575757577
664,a320,41000.0,41000,4250,52460,43340,470.0,0.8200000000000001
665,a320,40952.94117647059,41000,2380,53130,47860,470.0,0.82
666,a320,33992.857142857145,34800,990,64500,62030,474.85714285714283,0.8200000000000001
667,a320,33616.666666666664,34300,1590,66510,62560,475.44444444444446,0.82
668,a320,37411.11111111111,38000,1590,61830,57990,470.0,0.8198888888888889
669,a320,39360.9375,41000,3960,60490,51440,470.0,0.819990625
670,a320,38261.53846153846,39000,1980,60490,55800,470.0,0.8199076923076922
671,a320,35750.0,36100,500,57140,55910,471.0,0.82
672,a320,37482.857142857145,39800,4150,63840,54110,470.8285714285714,0.8199714285714285
673,a320,41000.0,41000,3660,53130,45180,470.0,0.8200000000000001
674,a320,40651.16279069767,41000,2870,55800,49370,470.0,0.82
675,a320,33403.030303030304,35400,3960,69860,60190,476.09090909090907,0.8200000000000001
676,a320,32588.235294117647,33700,1490,69190,65420,477.8235294117647,0.82
677,a320,39791.379310344826,41000,3660,59150,50830,470.0,0.8200000000000001
678,a320,40186.666666666664,40600,1390,55800,52580,470.0,0.8199733333333333
679,a320,40480.0,40900,1390,55140,51920,470.0,0.8199733333333333
680,a320,36313.46153846154,38600,3270,64500,56730,471.7307692307692,0.8199692307692307
681,a320,40895.0,41000,1690,53800,49970,470.0,0.82
682,a320,31542.85714285714,33200,3860,75210,65490,479.968253968254,0.8200000000000001
683,a320,32412.162162162163,34500,4350,73200,62410,478.1621621621622,0.8200000000000001
684,a320,34303.57142857143,35400,2080,65170,60100,474.10714285714283,0.8200000000000001
685,a320,32948.21428571428,34600,3460,70530,61990,476.98214285714283,0.8200000000000001
686,a320,38815.38461538462,39300,990,57810,55440,470.0,0.8199538461538461
687,a320,40945.0,41000,3760,54470,46240,470.0,0.8200000000000001
688,a320,33468.96551724138,35300,3560,69190,60480,475.87931034482756,0.8200000000000001
689,a320,37930.0,38400,800,59150,57210,470.0,0.82
690,a320,40721.818181818184,41000,3460,55800,48120,470.0,0.8200000000000001
691,a320,39481.25,40000,1390,57140,53880,470.0,0.819925
692,a320,33087.5,33900,1190,67180,64180,476.8125,0.82
693,a320,40145.94594594595,41000,2570,57140,51280,470.0,0.8199945945945946
694,a320,33435.294117647056,34600,1290,66510,63280,476.05882352941177,0.82
695,a320,32958.82352941176,34100,2380,69190,63280,477.05882352941177,0.82
696,a320,33219.565217391304,34700,2970,69190,61880,476.39130434782606,0.82
697,a320,32546.666666666668,33200,1090,68520,65740,477.8,0.8200000000000001
698,a320,37647.72727272727,39100,2870,62500,55720,470.29545454545456,0.8199431818181818
699,a320,39977.77777777778,41000,3460,58480,50630,470.0,0.8200000000000001
700,a320,39512.765957446805,40800,3070,59150,52120,470.0,0.819963829787234
701,a320,34850.0,36000,2180,63840,58570,472.9,0.8200000000000001
702,a320,40316.12903225807,41000,3860,57810,49160,470.0,0.8200000000000001
703,a320,33650.0,33800,500,61830,60560,475.5,0.82
704,a320,33488.57142857143,35600,4150,69860,59730,475.87142857142857,0.8200000000000001
705,a320,38115.625,39100,2280,61160,55780,470.0,0.8199249999999999
706,a320,34960.0,35200,700,60490,58770,472.6,0.82
707,a320,32807.89473684211,34000,2570,69860,63460,477.36842105263156,0.82
708,a320,40529.032258064515,41000,2280,55800,50640,470.0,0.8200000000000001
709,a320,40948.4375,41000,3960,54470,45830,470.0,0.8200000000000001
710,a320,39007.142857142855,40200,2770,59820,53400,470.0,0.8199595238095237
711,a320,39713.63636363636,40300,1780,57140,53000,470.0,0.8199227272727273
712,a320,38486.95652173913,39800,2970,61160,54230,470.0,0.8199652173913045
713,a320,40130.769230769234,40500,990,55140,52810,470.0,0.8199538461538461
714,a320,39200.0,39900,1980,58480,53860,470.0,0.8199346153846154
715,a320,40952.94117647059,41000,3270,53800,46640,470.0,0.82
716,a320,36732.43243243243,39500,4350,65170,54910,471.55405405405406,0.8199675675675676
717,a320,32506.521739130436,33900,2970,71200,63800,477.9782608695652,0.82
718,a320,38170.58823529412,39200,2380,61160,55560,470.0,0.8199294117647059
719,a320,40953.333333333336,41000,1290,51120,48210,470.0,0.8200000000000001
720,a320,40889.705882352944,41000,4150,55140,46040,470.0,0.8200000000000001
721,a320,36244.73684210526,38200,2570,63840,57670,471.5263157894737,0.8199421052631579
722,a320,39709.09090909091,40000,900,55800,53690,470.0,0.82
723,a320,34342.857142857145,34600,600,61830,60330,474.2857142857143,0.8200000000000001
724,a320,35895.23809523809,38100,2770,64500,57860,472.07142857142856,0.8199404761904762
725,a320,40954.545454545456,41000,900,52460,50390,470.0,0.82
726,a320,40797.77777777778,41000,2970,55140,48530,470.0,0.82
727,a320,33026.666666666664,33800,1090,67180,64420,476.8,0.8200000000000001
728,a320,40913.333333333336,41000,1190,53130,50400,470.0,0.8200000000000001
729,a320,32600.0,32900,500,63840,62560,477.6666666666667,0.82
730,a320,38366.666666666664,38900,1590,59820,56040,470.0,0.8198722222222222
731,a320,41000.0,41000,3760,51790,43720,470.0,0.8200000000000001
732,a320,32319.23076923077,33100,1980,70530,65530,478.38461538461536,0.8200000000000001
733,a320,32380.0,33600,2670,71200,64510,478.275,0.82
734,a320,39656.09756097561,40800,2770,58480,52130,470.0,0.8199585365853658
735,a320,41000.0,41000,3560,51120,43500,470.0,0.8200000000000001
736,a320,40938.09523809524,41000,2770,53800,47670,470.0,0.82
737,a320,40965.30612244898,41000,3170,53130,46210,470.0,0.82
738,a320,40907.54716981132,41000,3360,54470,47060,470.0,0.8200000000000001
739,a320,32500.0,32600,500,65170,63890,478.0,0.82
740,a320,31435.483870967742,33100,3960,75880,65880,480.2741935483871,0.8200000000000001
741,a320,34090.47619047619,35500,2770,66510,59770,474.5238095238095,0.82
742,a320,33156.25,34200,2280,68520,62870,476.5625,0.82
743,a320,39154.38596491228,40700,3560,60490,52300,470.0,0.8199701754385965
744,a320,34587.5,37800,3860,67850,58530,474.046875,0.819959375
745,a320,38173.333333333336,38600,1290,59820,56720,470.0,0.8199666666666666
746,a320,38648.07692307692,40100,3270,61160,53580,470.0,0.8199673076923077
747,a320,40770.0,41000,1690,54470,50620,470.0,0.82
748,a320,40542.64705882353,41000,4150,57140,47910,470.0,0.8200000000000001
749,a320,36880.0,38500,2670,63170,56800,470.875,0.81996
750,a320,41000.0,41000,4060,53130,44370,470.0,0.8200000000000001
751,a320,31461.01694915254,33000,3660,75210,65960,480.20338983050846,0.8200000000000001
752,a320,33807.5,35200,2670,67180,60650,475.2,0.82
753,a320,34167.64705882353,35400,2380,65840,60050,474.5,0.82
754,a320,40621.42857142857,41000,3560,56470,48540,470.0,0.8200000000000001
755,a320,40936.36363636364,41000,1780,53130,49110,470.0,0.82
756,a320,33610.0,35200,2670,66510,60000,475.625,0.82
757,a320,36658.333333333336,39400,4250,65170,55130,471.59722222222223,0.819965277777778
758,a320,40957.89473684211,41000,2570,51120,45520,470.0,0.82
759,a320,39400.0,39600,500,53130,51920,470.0,0.82
760,a320,31924.1935483871,33600,3760,73870,64460,479.2258064516129,0.8200000000000001
761,a320,39934.84848484849,41000,4060,59150,49980,470.0,0.8200000000000001
762,a320,36010.71428571428,38500,3460,65170,56910,472.05357142857144,0.8199660714285715
763,a320,39491.42857142857,41000,4250,60490,50800,470.0,0.8200000000000001
764,a320,39043.75,39900,2280,59150,53850,470.0,0.819946875
765,a320,39960.9756097561,41000,2770,57810,51490,470.0,0.8199756097560974
766,a320,33972.916666666664,35600,3070,67180,59720,474.8333333333333,0.82
767,a320,33954.545454545456,34800,1780,65840,61440,474.95454545454544,0.82
768,a320,40268.96551724138,41000,3660,57810,49580,470.0,0.8200000000000001
769,a320,39607.692307692305,40700,2670,58480,52340,470.0,0.8199564102564103
770,a320,40933.333333333336,41000,900,51790,49730,470.0,0.82
771,a320,32282.352941176472,34200,4060,73200,63110,478.3970588235294,0.8200000000000001
772,a320,40804.28571428572,41000,4250,55800,46460,470.0,0.8200000000000001
773,a320,36577.142857142855,39200,4150,65170,55350,471.64285714285717,0.819977142857143
774,a320,36041.17647058824,38000,2380,63840,58120,471.70588235294116,0.8199235294117647
775,a320,40703.44827586207,41000,2180,55140,50210,470.0,0.8200000000000001
776,a320,32010.60606060606,33800,3960,73870,63980,479.0,0.8200000000000001
777,a320,32915.625,34000,2280,69190,63520,477.15625,0.82
778,a320,39154.166666666664,39800,1880,58480,54080,470.0,0.8199291666666667
779,a320,39783.333333333336,41000,4350,59820,49960,470.0,0.8200000000000001
780,a320,40964.583333333336,41000,3070,51790,45140,470.0,0.82
781,a320,34011.76470588235,35400,1390,65170,61730,474.7647058823529,0.82
782,a320,33238.88888888889,34400,2480,68520,62400,476.47222222222223,0.82
783,a320,40900.0,41000,1780,53800,49760,470.0,0.82
784,a320,40958.333333333336,41000,900,51120,49070,470.0,0.82
785,a320,33004.166666666664,33800,1880,68520,63820,476.9166666666667,0.82
786,a320,32571.666666666668,34300,3660,71870,62790,477.81666666666666,0.8200000000000001
787,a320,38694.444444444445,39200,1590,59150,55390,470.0,0.8199
788,a320,32054.41176470588,33900,4060,73870,63750,478.9264705882353,0.8200000000000001
789,a320,40929.032258064515,41000,2280,53800,48710,470.0,0.8200000000000001
790,a320,36226.0,38500,3170,64500,56950,471.8,0.8199639999999999
791,a320,37235.294117647056,38500,2380,62500,56840,470.47058823529414,0.8199529411764706
792,a320,33487.5,35000,3070,68520,61000,475.9375,0.82
793,a320,39409.09090909091,40000,1780,57810,53650,470.0,0.8199181818181818
794,a320,38100.0,38700,1690,60490,56470,470.0,0.8198649999999998
795,a320,40911.53846153846,41000,1980,53800,49340,470.0,0.8200000000000001
796,a320,34202.94117647059,36700,2380,66510,60700,474.47058823529414,0.8199235294117647
797,a320,38709.09090909091,40500,3960,61830,52680,470.0,0.8199727272727273
798,a320,39018.46153846154,40800,3960,61160,52060,470.0,0.8199815384615385
799,a320,40767.24137931035,41000,3660,55800,47700,470.0,0.8200000000000001
800,a320,33611.90476190476,35000,2770,67850,61060,475.6190476190476,0.82
801,a320,38747.72727272727,40000,2870,60490,53820,470.0,0.8199613636363636
802,a320,34820.0,35900,1090,62500,59810,473.1333333333333,0.8200000000000001
803,a320,40954.166666666664,41000,4350,54470,45010,470.0,0.8200000000000001
804,a320,40875.67567567567,41000,2570,54470,48720,470.0,0.82
805,a320,40255.1724137931,41000,2180,56470,51500,470.0,0.8199620689655173
806,a320,33276.470588235294,34600,1390,67180,63700,476.3529411764706,0.82
807,a320,39153.333333333336,39600,1290,57810,54760,470.0,0.8199666666666666
808,a320,31450.79365079365,33100,4250,76550,65790,480.22222222222223,0.8200000000000001
809,a320,32554.285714285714,34500,4150,72540,62250,477.87142857142857,0.8200000000000001
810,a320,33553.846153846156,34100,900,65170,62920,475.7692307692308,0.8200000000000001
811,a320,32225.0,33500,2870,71870,64680,478.59090909090907,0.82
812,a320,37220.0,37700,1290,61830,58690,470.0,0.8199666666666666
813,a320,40930.769230769234,41000,990,51790,49520,470.0,0.8200000000000001
814,a320,37780.0,38400,1690,61160,57120,470.0,0.8199200000000001
815,a320,33853.333333333336,34600,1190,65170,62210,475.2,0.8200000000000001
816,a320,36343.75,38900,3860,65170,56020,471.796875,0.8199750000000001
817,a320,36623.529411764706,38200,2380,63170,57480,471.02941176470586,0.8199382352941176
818,a320,35286.0,37900,3170,65840,58220,472.94,0.819948
819,a320,40989.0625,41000,3960,53800,45200,470.0,0.8200000000000001
820,a320,40490.0,40900,800,53800,51930,470.0,0.82
821,a320,38964.705882352944,39900,1490,58480,54960,469.88235294117646,0.8197411764705883
822,a320,40990.0,41000,4250,53800,44590,470.0,0.8200000000000001
823,a320,34623.07692307692,35400,900,62500,60280,473.53846153846155,0.8200000000000001
824,a320,32510.29411764706,34400,4060,72540,62480,477.94117647058823,0.8200000000000001
825,a320,35470.58823529412,37500,1490,63170,59530,472.2352941176471,0.8198764705882352
826,a320,41000.0,41000,4150,52460,43550,470.0,0.8200000000000001
827,a320,40393.333333333336,40800,1290,55140,52140,470.0,0.8199333333333334
828,a320,33925.0,34700,1690,65840,61680,474.95,0.82
829,a320,31917.5,33100,2670,72540,65800,479.225,0.82
830,a320,33176.470588235294,34300,1290,67180,63940,476.52941176470586,0.82
831,a320,33082.35294117647,34300,1490,67850,64110,476.7647058823529,0.82
832,a320,40258.13953488372,41000,2870,57140,50640,470.0,0.82
833,a320,40390.0,41000,4250,57810,48320,470.0,0.8200000000000001
834,a320,40683.82352941176,41000,4150,56470,47290,470.0,0.8200000000000001
835,a320,32250.0,33300,2380,71200,65230,478.47058823529414,0.82
836,a320,36328.57142857143,37900,2080,63170,58160,471.25,0.8199107142857144
837,a320,38173.913043478264,39500,2970,61830,54860,470.0,0.8199565217391303
838,a320,40798.529411764706,41000,4150,55800,46660,470.0,0.8200000000000001
839,a320,33865.625,35000,2280,66510,60930,475.15625,0.82
840,a320,39678.78787878788,41000,4060,59820,50600,470.0,0.8200000000000001
841,a320,32830.555555555555,34900,4250,71870,61380,477.27777777777777,0.8200000000000001
842,a320,39938.46153846154,40300,1090,55800,53240,470.0,0.8199615384615384
843,a320,40733.333333333336,41000,600,51790,50380,470.0,0.82
844,a320,33838.46153846154,34400,900,64500,62260,475.15384615384613,0.8200000000000001
845,a320,38123.333333333336,39900,3660,62500,53960,470.21666666666664,0.8199716666666668
846,a320,38740.0,39300,1690,59150,55170,470.0,0.819915
847,a320,39709.25925925926,41000,3460,59150,51260,470.0,0.8200000000000001
848,a320,35252.94117647059,37200,1390,63170,59760,472.52941176470586,0.8199588235294117
849,a320,34728.57142857143,34900,600,60490,59000,473.2857142857143,0.8200000000000001
850,a320,33513.333333333336,35400,3660,69190,60250,475.81666666666666,0.8200000000000001
851,a320,40078.333333333336,41000,3760,58480,49990,470.0,0.8200000000000001
852,a320,40955.555555555555,41000,2480,51120,45720,470.0,0.82
853,a320,34160.0,34900,1690,65170,61020,474.4,0.82
854,a320,33872.22222222222,34500,1590,65840,61910,475.22222222222223,0.82
855,a320,40850.0,41000,600,51120,49720,470.0,0.82
856,a320,38566.666666666664,39200,700,57140,55460,470.0,0.82
857,a320,39830.0,40300,800,55140,53250,470.0,0.81999
858,a320,38400.0,38500,500,55140,53920,470.0,0.82
859,a320,41000.0,41000,3560,51790,44130,470.0,0.8200000000000001
860,a320,32611.290322580644,34400,3760,71870,62550,477.741935483871,0.8200000000000001
861,a320,38346.153846153844,38800,1090,59150,56530,470.0,0.819953846153846
862,a320,34736.36363636364,35100,800,61830,59860,473.27272727272725,0.82
863,a320,33240.0,33500,500,62500,61230,476.2,0.82
864,a320,33359.375,35300,3860,69860,60420,476.171875,0.8200000000000001
865,a320,40352.380952380954,40900,1780,55800,51710,470.0,0.8199190476190475
866,a320,31712.676056338027,33600,4250,75210,64530,479.67605633802816,0.8200000000000001
867,a320,40960.0,41000,2670,53130,47240,470.0,0.82
868,a320,40771.794871794875,41000,2670,55140,49150,470.0,0.8200000000000001
869,a320,38525.0,39500,2480,60490,54690,470.0,0.8199500000000001
870,a320,37440.0,37900,1190,61160,58260,470.0,0.81996
871,a320,34573.333333333336,35700,1090,63170,60470,473.46666666666664,0.8200000000000001
872,a320,36687.5,38700,3070,63840,56540,471.2083333333333,0.8199666666666667
873,a320,38052.7027027027,40300,4350,63170,53050,470.47297297297297,0.8199783783783785
874,a320,35107.57575757576,38200,3960,67180,57670,473.3787878787879,0.8199621212121213
875,a320,32026.785714285714,33600,3460,73200,64530,479.0,0.8200000000000001
876,a320,40554.901960784315,41000,3270,56470,49160,470.0,0.82
877,a320,40937.5,41000,1880,52460,48250,470.0,0.82
878,a320,40373.529411764706,41000,4150,57810,48530,470.0,0.8200000000000001
879,a320,34250.0,35600,2570,65840,59590,474.2894736842105,0.82
880,a320,40959.52380952381,41000,2770,53130,47030,470.0,0.82
881,a320,32209.375,33200,2280,71200,65460,478.625,0.82
882,a320,32525.0,33300,1880,69860,65120,477.875,0.82
883,a320,34417.391304347824,36000,2970,65840,58670,473.89130434782606,0.82
884,a320,33462.5,34300,1880,67180,62510,475.9166666666667,0.82
885,a320,39359.375,40200,2280,58480,53210,470.0,0.819946875
886,a320,33701.724137931036,35500,3560,68520,59850,475.41379310344826,0.8200000000000001
887,a320,39109.09090909091,39600,800,56470,54570,470.0,0.82
888,a320,38093.333333333336,38500,1190,59820,56950,470.0,0.8199666666666666
889,a320,32790.0,33100,700,66510,64730,477.5,0.82
890,a320,39406.06060606061,41000,4060,60490,51220,470.0,0.8200000000000001
891,a320,40108.57142857143,41000,2480,57140,51500,470.0,0.8199685714285715
892,a320,39460.0,40700,2970,59150,52330,470.0,0.8199622222222221
893,a320,35455.40540540541,38600,4350,67180,56770,473.0135135135135,0.8199743243243244
894,a320,37760.0,38200,1190,60490,57610,470.0,0.81996
895,a320,38790.90909090909,39400,1780,59150,54950,470.0,0.8199227272727273
896,a320,41000.0,41000,4150,53130,44170,470.0,0.8200000000000001
897,a320,40930.0,41000,1690,52460,48670,470.0,0.82
898,a320,37880.0,38300,1290,60490,57380,470.0,0.8199666666666666
899,a320,38700.0,38800,500,54470,53250,470.0,0.82
900,a320,40904.166666666664,41000,1880,53800,49550,470.0,0.82
901,a320,40275.0,40800,1690,55800,51920,470.0,0.819915
902,a320,33905.357142857145,35700,3460,67850,59440,474.94642857142856,0.8200000000000001
903,a320,40961.36363636364,41000,2870,52460,46190,470.0,0.82
904,a320,32142.5,33300,2670,71870,65160,478.725,0.82
905,a320,38966.666666666664,40700,3860,61160,52270,470.0,0.819973015873016
906,a320,33646.875,34800,2280,67180,61580,475.5625,0.82
907,a320,38892.307692307695,39600,1980,59150,54510,470.0,0.8199346153846154
908,a320,40431.48148148148,41000,3460,57140,49370,470.0,0.8200000000000001
909,a320,32732.608695652172,34100,2970,70530,63160,477.5,0.82
910,a320,38472.72727272727,39000,800,57810,55890,470.0,0.82
911,a320,38446.42857142857,40000,3460,61830,53770,470.0,0.8199714285714287
912,a320,32693.18181818182,34000,2870,70530,63400,477.59090909090907,0.82
913,a320,39452.94117647059,41000,4150,60490,51010,470.0,0.8200000000000001
914,a320,32433.333333333332,32700,500,64500,63220,478.1666666666667,0.82
915,a320,39155.555555555555,40100,2480,59150,53410,470.0,0.8199527777777779
916,a320,40959.52380952381,41000,2770,51790,45750,470.0,0.82
917,a320,40793.93939393939,41000,4060,55800,46870,470.0,0.8200000000000001
918,a320,37736.666666666664,38600,2180,61830,56640,470.0,0.8199466666666667
919,a320,38335.294117647056,39300,1490,59820,56270,469.88235294117646,0.8197411764705883
920,a320,38007.142857142855,38900,2080,61160,56220,470.0,0.8199071428571428
921,a320,36482.142857142855,38800,3460,64500,56280,471.60714285714283,0.8199714285714287
922,a320,39271.153846153844,40700,3270,59820,52320,470.0,0.8199673076923077
923,a320,36340.0,38300,2670,63840,57440,471.45,0.8199474999999999
924,a320,40159.09090909091,41000,4060,58480,49360,470.0,0.8200000000000001
925,a320,40826.41509433962,41000,3360,55140,47690,470.0,0.8200000000000001
926,a320,35830.769230769234,38300,3270,65170,57360,472.21153846153845,0.8199596153846153
927,a320,40497.77777777778,41000,2970,56470,49800,470.0,0.82
928,a320,40108.06451612903,41000,3860,58480,49780,470.0,0.8200000000000001
929,a320,40963.04347826087,41000,2970,51120,44710,470.0,0.82
930,a320,40430.769230769234,40800,990,54470,52150,470.0,0.8199538461538461
931,a320,41000.0,41000,3960,53130,44580,470.0,0.8200000000000001
932,a320,40812.244897959186,41000,3170,55140,48110,470.0,0.82
933,a320,32700.0,34600,3960,71870,62080,477.59090909090907,0.8200000000000001
934,a320,36515.90909090909,38500,2870,63840,56990,471.3181818181818,0.8199613636363636
935,a320,33800.0,34800,2080,66510,61400,475.25,0.8200000000000001
936,a320,34076.92307692308,34700,900,63840,61600,474.61538461538464,0.8200000000000001
937,a320,34423.529411764706,35700,2380,65170,59410,473.8235294117647,0.82
938,a320,40990.27777777778,41000,4350,53800,44390,470.0,0.8200000000000001
939,a320,40957.89473684211,41000,2570,53130,47440,470.0,0.82
940,a320,33486.11111111111,34700,2480,67850,61760,475.77777777777777,0.82
941,a320,32936.36363636364,34900,3960,71200,61450,477.06060606060606,0.8200000000000001
942,a320,40180.0,40600,800,54470,52590,470.0,0.82
943,a320,40978.57142857143,41000,1090,51790,49300,470.0,0.8200000000000001
944,a320,36231.944444444445,39100,4250,65840,55750,472.09722222222223,0.8199777777777779
945,a320,32687.5,33700,2280,69860,64170,477.53125,0.82
946,a320,39120.289855072464,41000,4150,61160,51630,470.0,0.8199869565217391
947,a320,38790.90909090909,39300,800,57140,55230,470.0,0.82
948,a320,40815.38461538462,41000,1980,54470,49990,470.0,0.8200000000000001
949,a320,37991.666666666664,40200,4250,63170,53270,470.4861111111111,0.8199777777777779
950,a320,39642.1875,41000,3960,59820,50820,470.0,0.8200000000000001
951,a320,40888.37209302326,41000,2870,54470,48100,470.0,0.82
952,a320,38858.333333333336,40500,3660,61160,52700,470.0,0.8199716666666668
953,a320,33444.117647058825,34600,2380,67850,61990,476.0,0.82
954,a320,33682.35294117647,34900,2380,67180,61340,475.5,0.82
955,a320,38161.53846153846,38600,990,59150,56760,470.0,0.8200000000000001
956,a320,33558.06451612903,35500,3760,69190,60020,475.7258064516129,0.8200000000000001
957,a320,40937.5,41000,1880,53130,48900,470.0,0.82
958,a320,34100.0,34600,700,63170,61420,474.6,0.82
959,a320,32719.64285714286,34400,3460,71200,62620,477.51785714285717,0.8200000000000001
960,a320,31919.444444444445,33900,4250,74540,63900,479.2083333333333,0.8200000000000001
961,a320,34800.0,35900,2080,63840,58800,473.07142857142856,0.8200000000000001
962,a320,35614.705882352944,38600,4060,66510,56820,472.70588235294116,0.8199720588235295
963,a320,40764.28571428572,41000,1090,53800,51270,470.0,0.8200000000000001
964,a320,33540.0,35900,3270,65840,57690,468.4,0.8074666666666668
965,a320,38802.17391304348,40100,2970,60490,53600,470.0,0.8199630434782609
966,a320,31490.76923076923,33200,4350,76550,65550,480.0923076923077,0.8200000000000001
967,a320,40501.6129032258,41000,3860,57140,48530,470.0,0.8200000000000001
968,a320,34505.26315789474,35900,2570,65170,58950,473.7105263157895,0.82
969,a320,32400.0,33900,3270,71870,63730,478.1730769230769,0.8200000000000001
970,a320,39598.3870967742,41000,3860,59820,51030,470.0,0.8200000000000001
971,a320,40920.0,41000,1190,51790,49080,470.0,0.8200000000000001
972,a320,36141.666666666664,38100,2480,63840,57890,471.6111111111111,0.8199305555555555
973,a320,34650.0,35400,1590,63840,59950,473.44444444444446,0.82
974,a320,40042.22222222222,41000,2970,57810,51060,470.0,0.82
975,a320,34200.0,34400,800,63170,61180,474.3636363636364,0.82
976,a320,40941.07142857143,41000,3560,54470,46650,470.0,0.8200000000000001
977,a320,39215.068493150684,41000,4350,61160,51200,470.0,0.8200000000000001
978,a320,34125.0,35300,2280,65840,60280,474.5625,0.82
979,a320,38701.851851851854,40200,3360,61160,53360,470.0,0.8199685185185186
980,a320,34981.818181818184,35400,800,61160,59190,472.6363636363636,0.82
981,a320,36373.333333333336,37400,1290,62500,59340,470.8666666666667,0.81996
982,a320,35864.86486486487,38900,4350,66510,56150,472.4864864864865,0.8199783783783785
983,a320,31816.666666666668,32100,500,66510,65220,479.5,0.82
984,a320,36388.23529411765,37800,1490,62500,58870,470.88235294117646,0.8198764705882352
985,a320,32097.36842105263,33200,2570,71870,65390,478.7894736842105,0.82
986,a320,40822.22222222222,41000,700,51790,50160,470.0,0.82
987,a320,38473.529411764706,39400,2380,60490,54910,470.0,0.8199470588235294
988,a320,40451.21951219512,41000,2770,56470,50220,470.0,0.82
989,a320,40169.811320754714,41000,3360,57810,50210,470.0,0.8200000000000001
990,a320,39784.61538461538,40200,990,55800,53460,470.0,0.8199538461538461
991,a320,38472.72727272727,39100,1780,59820,55600,470.0,0.8199090909090908
992,a320,37511.90476190476,38900,2770,62500,55940,470.3809523809524,0.8199619047619048
993,a320,40884.84848484849,41000,4060,55140,46250,470.0,0.8200000000000001
994,a320,32380.0,33300,1090,65840,63050,457.0,0.7836733333333333
995,a320,36094.8275862069,38600,3560,65170,56690,471.98275862068965,0.8199724137931036
996,a320,33765.78947368421,35100,2570,67180,60880,475.39473684210526,0.82
997,a320,39880.0,40300,1390,56470,53230,470.0,0.8199733333333333
998,a320,34377.27272727273,35900,2870,65840,58900,474.04545454545456,0.82
999,a320,41000.0,41000,3760,53130,44980,470.0,0.8200000000000001
1000,a320,40748.57142857143,41000,2480,55140,49580,470.0,0.82
1001,a320,39506.89655172414,41000,3660,59820,51460,470.0,0.8199879310344828
1002,a320,33153.846153846156,33700,800,65840,63830,476.53846153846155,0.8200000000000001
1003,a320,32563.157894736843,33700,2570,70530,64100,477.7894736842105,0.82
1004,a320,32803.333333333336,34600,3660,71200,62150,477.3666666666667,0.8200000000000001
1005,a320,38380.95238095238,39600,2770,61160,54670,470.0,0.8199571428571427
1006,a320,40920.0,41000,1190,52460,49740,470.0,0.8200000000000001
1007,a320,40989.393939393936,41000,4060,53800,45000,470.0,0.8200000000000001
1008,a320,34384.375,35600,2280,65170,59640,473.875,0.82
1009,a320,32906.666666666664,33700,990,67180,64660,477.06666666666666,0.8200000000000001
1010,a320,33820.0,34300,700,63840,62080,475.2,0.82
1011,a320,37416.666666666664,39300,3360,63170,55240,470.64814814814815,0.8199555555555557
1012,a320,40560.0,41000,1690,55140,51270,470.0,0.819985
1013,a320,41000.0,41000,3760,52460,44350,470.0,0.8200000000000001
1014,a320,32726.470588235294,33800,2380,69860,63930,477.5,0.82
1015,a320,33123.4375,35000,3860,70530,61050,476.6875,0.8200000000000001
1016,a320,40333.333333333336,40600,500,51120,49930,470.0,0.82
1017,a320,40003.22580645161,40800,2280,57140,51920,470.0,0.8199451612903227
1018,a320,40950.0,41000,800,51790,49950,470.0,0.82
1019,a320,39464.28571428572,41000,3560,59820,51670,470.0,0.8199714285714286
1020,a320,31522.727272727272,33300,4150,75880,65400,480.04545454545456,0.8200000000000001
1021,a320,33385.0,34100,1690,67180,62980,476.2,0.82
1022,a320,40515.625,41000,3960,57140,48320,470.0,0.8200000000000001
1023,a320,33642.42424242424,35700,3960,69190,59560,475.5,0.8200000000000001
1024,a320,35790.0,38000,2670,64500,58080,472.175,0.8199349999999999
1025,a320,35141.666666666664,37800,3070,65840,58450,473.125,0.8199458333333333
1026,a320,32862.5,33700,1190,67850,64840,477.125,0.82
1027,a320,40920.0,41000,1190,51120,48430,470.0,0.8200000000000001
1028,a320,37054.545454545456,38800,2870,63170,56360,470.79545454545456,0.8199636363636362
1029,a320,38529.166666666664,39200,1880,59820,55380,470.0,0.8199166666666665
1030,a320,35064.28571428572,38000,3460,66510,58180,473.2857142857143,0.8199535714285714
1031,a320,34515.38461538462,35500,1980,64500,59680,473.84615384615387,0.8200000000000001
1032,a320,34064.705882352944,35500,1490,65170,61490,474.70588235294116,0.82
1033,a320,40293.333333333336,41000,3760,57810,49370,470.0,0.8200000000000001
1034,a320,37869.117647058825,40000,4060,63170,53700,470.5147058823529,0.8199764705882353
1035,a320,38061.90476190476,39300,2770,61830,55310,470.0,0.8199452380952381
1036,a320,35175.0,36000,1690,62500,58410,472.2,0.82
1037,a320,34729.166666666664,35700,1880,63840,59260,473.125,0.82
1038,a320,33361.11111111111,34000,1590,67180,63220,476.22222222222223,0.82
1039,a320,33040.0,33400,700,65840,64070,476.8,0.82
1040,a320,32588.0,34100,3170,71200,63330,477.84,0.82
1041,a320,32267.391304347828,33600,2970,71870,64440,478.45652173913044,0.82
1042,a320,33101.92307692308,34700,3270,69860,61820,476.6730769230769,0.8200000000000001
1043,a320,38680.0,39500,2180,59820,54710,470.0,0.8199433333333334
1044,a320,34500.0,34700,500,59820,58570,473.75,0.82
1045,a320,40946.42857142857,41000,2080,52460,47840,470.0,0.8200000000000001
1046,a320,35734.0,38200,3170,65170,57590,472.3,0.819952
1047,a320,40600.0,41000,1780,55140,51060,470.0,0.82
1048,a320,40397.2972972973,41000,2570,56470,50640,470.0,0.82
1049,a320,40368.62745098039,41000,3270,57140,49790,470.0,0.82
1050,a320,35731.666666666664,38400,3660,65840,57090,472.5,0.8199666666666666
1051,a320,37212.903225806454,39400,3760,63840,54990,470.93548387096774,0.8199612903225808
1052,a320,40557.57575757576,41000,2380,55800,50430,470.0,0.82
1053,a320,40334.375,41000,3960,57810,48950,470.0,0.8200000000000001
1054,a320,40911.76470588235,41000,1490,52460,49090,470.0,0.82
1055,a320,36398.148148148146,38700,3360,64500,56500,471.6666666666667,0.8199703703703705
1056,a320,34101.851851851854,35900,3360,67180,59030,474.6296296296296,0.8200000000000001
1057,a320,35924.07407407407,38400,3360,65170,57140,472.1296296296296,0.8199629629629628
1058,a320,34775.0,38000,4060,67850,58070,473.80882352941177,0.8199617647058824
1059,a320,38392.59259259259,39900,3360,61830,53990,470.0,0.8199703703703705
1060,a320,37906.25,38600,1390,60490,57150,470.0,0.8198937499999999
1061,a320,32893.75,34800,3860,71200,61690,477.15625,0.8200000000000001
1062,a320,38762.68656716418,40600,4060,61830,52460,470.0,0.8199731343283584
1063,a320,34257.142857142855,35100,990,63840,61370,474.35714285714283,0.8200000000000001
1064,a320,34353.846153846156,35100,900,63170,60940,474.15384615384613,0.8200000000000001
1065,a320,39613.72549019608,41000,3270,59150,51680,470.0,0.8199686274509803
1066,a320,38641.17647058824,39600,1490,59150,55610,469.88235294117646,0.8197294117647058
1067,a320,40063.63636363636,41000,2380,57140,51710,470.0,0.8199484848484848
1068,a320,33654.545454545456,35100,2870,67850,60830,475.45454545454544,0.82
1069,a320,32130.0,33600,3170,72540,64610,478.8,0.82
1070,a320,40946.42857142857,41000,2080,53130,48480,470.0,0.8200000000000001
1071,a320,37887.5,38600,1880,61160,56670,470.0,0.8199333333333333
1072,a320,38596.0,40000,3170,61160,53790,470.0,0.819966
1073,a320,40965.38461538462,41000,3270,53130,46000,470.0,0.8200000000000001
1074,a320,33858.333333333336,34100,800,63840,61840,475.3333333333333,0.82
1075,a320,32612.5,33500,1190,68520,65500,477.8125,0.82
1076,a320,40719.354838709674,41000,2280,55140,50000,470.0,0.8200000000000001
1077,a320,40864.705882352944,41000,1490,53800,50400,470.0,0.82
1078,a320,40656.45161290323,41000,3860,56470,47910,470.0,0.8200000000000001
1079,a320,31877.14285714286,33800,4150,74540,64140,479.2857142857143,0.8200000000000001
1080,a320,33506.976744186046,38500,3460,65840,57320,448.51162790697674,0.7720976744186046
1081,a320,40468.96551724138,41000,3660,57140,48950,470.0,0.8200000000000001
1082,a320,33922.05882352941,36100,4060,68520,58700,474.95588235294116,0.8200000000000001
1083,a320,38576.92307692308,39300,1980,59820,55150,470.0,0.8199307692307692
1084,a320,40957.89473684211,41000,2570,51790,46160,470.0,0.82
1085,a320,39061.36363636364,40300,2870,59820,53180,470.0,0.8199613636363636
1086,a320,39641.379310344826,40400,2180,57810,52780,470.0,0.8199379310344829
1087,a320,39355.0,39900,1690,57810,53870,470.0,0.8199099999999999
1088,a320,40942.307692307695,41000,1980,52460,48050,470.0,0.8200000000000001
1089,a320,36424.242424242424,39000,3960,65170,55790,471.74242424242425,0.8199757575757577
1090,a320,31810.869565217392,33100,2970,73200,65720,479.4347826086956,0.82
1091,a320,33580.0,34300,1190,65840,62860,475.6666666666667,0.8200000000000001
1092,a320,34264.0,36000,3170,66510,58850,474.22,0.82
1093,a320,33758.82352941176,35100,1390,65840,62380,475.2352941176471,0.82
1094,a320,40179.41176470588,41000,4150,58480,49150,470.0,0.8200000000000001
1095,a320,40780.645161290326,41000,3860,55800,47280,470.0,0.8200000000000001
1096,a320,40211.11111111111,40700,700,53800,52150,470.0,0.82
1097,a320,40953.333333333336,41000,1290,51790,48870,470.0,0.8200000000000001
1098,a320,34481.25,35700,1290,63840,60650,473.75,0.82
1099,a320,32788.46153846154,33600,1980,69190,64230,477.4230769230769,0.8200000000000001
1100,a320,40790.6976744186,41000,2870,55140,48740,470.0,0.82
1101,a320,35285.71428571428,38400,4150,67180,57220,473.1857142857143,0.81997
1102,a320,32643.333333333332,33600,2180,69860,64410,477.73333333333335,0.8200000000000001
1103,a320,38204.166666666664,38900,1880,60490,56020,470.0,0.8199
1104,a320,39893.75,40700,1490,56470,53010,469.9375,0.8197874999999999
1105,a320,34060.71428571428,35100,2080,65840,60750,474.64285714285717,0.8200000000000001
1106,a320,32433.333333333332,33200,990,68520,65980,478.1333333333333,0.8200000000000001
1107,a320,33076.92307692308,33500,900,66510,64250,476.84615384615387,0.8200000000000001
1108,a320,40567.92452830189,41000,3360,56470,48950,470.0,0.8200000000000001
1109,a320,38695.23809523809,39900,2770,60490,54040,470.0,0.8199595238095237
1110,a320,32530.0,32800,700,67180,65390,477.8,0.82
1111,a320,33660.71428571428,35400,3460,68520,60080,475.55357142857144,0.8200000000000001
1112,a320,40962.22222222222,41000,2970,53130,46620,470.0,0.82
1113,a320,38517.808219178085,40600,4350,62500,52430,470.17808219178085,0.8199876712328767
1114,a320,32135.714285714286,33000,2080,71200,65940,478.75,0.8200000000000001
1115,a320,39311.11111111111,39800,1590,57810,54090,470.0,0.8199
1116,a320,39808.57142857143,40800,2480,57810,52140,470.0,0.8199514285714287
1117,a320,35528.78787878788,38500,3960,66510,57040,472.7878787878788,0.819969696969697
1118,a320,36329.41176470588,37600,1390,62500,59110,470.88235294117646,0.8199352941176471
1119,a320,33317.64705882353,34600,1490,67180,63460,476.2352941176471,0.82
1120,a320,36837.5,38000,1880,62500,57960,470.6666666666667,0.8199
1121,a320,32462.5,32700,600,66510,64970,478.25,0.82
1122,a320,35348.3870967742,38300,3760,66510,57500,472.96774193548384,0.8199596774193549
1123,a320,37546.55172413793,39500,3560,63170,54800,470.6034482758621,0.8199655172413793
1124,a320,36745.454545454544,37900,1780,62500,58190,470.72727272727275,0.8198863636363636
1125,a320,40533.333333333336,41000,1590,55140,51490,470.0,0.8199277777777778
1126,a320,33428.57142857143,35200,3460,69190,60710,475.94642857142856,0.8200000000000001
1127,a320,40960.0,41000,2670,51120,45320,470.0,0.82
1128,a320,40980.0,41000,800,51120,49290,470.0,0.82
1129,a320,33250.0,33600,600,64500,62980,476.5,0.82
1130,a320,34454.545454545456,34700,800,62500,60520,473.72727272727275,0.82
1131,a320,39494.28571428572,40400,2480,58480,52780,470.0,0.8199514285714286
1132,a320,34100.0,34900,1190,64500,61550,474.53333333333336,0.8200000000000001
1133,a320,38118.181818181816,38500,900,59150,56980,470.0,0.82
1134,a320,40877.41935483871,41000,3860,55140,46660,470.0,0.8200000000000001
1135,a320,35014.0625,38100,3860,67180,57900,473.484375,0.819959375
1136,a320,38366.666666666664,39200,2180,60490,55360,470.0,0.8199333333333334
1137,a320,34459.09090909091,35300,1780,64500,60140,473.90909090909093,0.82
1138,a320,34956.944444444445,38200,4250,67850,57620,473.59722222222223,0.819965277777778
1139,a320,40951.063829787236,41000,3070,53800,47050,470.0,0.82
1140,a320,39942.307692307695,41000,3360,58480,50840,470.0,0.8200000000000001
1141,a320,31587.69230769231,33300,3960,75210,65250,479.89230769230767,0.8200000000000001
1142,a320,40940.54054054054,41000,2570,53800,48080,470.0,0.82
1143,a320,37806.06060606061,39900,3960,63170,53920,470.530303030303,0.8199727272727273
1144,a320,31608.571428571428,33500,4350,75880,64920,479.8857142857143,0.8200000000000001
1145,a320,37674.1935483871,39700,3760,63170,54360,470.56451612903226,0.8199677419354837
1146,a320,40989.705882352944,41000,4150,53800,44800,470.0,0.8200000000000001
1147,a320,40946.42857142857,41000,2080,51790,47190,470.0,0.8200000000000001
1148,a320,40892.857142857145,41000,4250,55140,45840,470.0,0.8200000000000001
1149,a320,39340.0,39900,1190,57140,54330,470.0,0.8198933333333333
1150,a320,40680.0,41000,1290,54470,51490,470.0,0.8200000000000001
1151,a320,39748.21428571428,41000,3560,59150,51040,470.0,0.8200000000000001
1152,a320,34913.333333333336,35800,1190,62500,59580,472.8,0.8200000000000001
1153,a320,33177.27272727273,34600,2870,69190,62110,476.5681818181818,0.82
1154,a320,39461.53846153846,39900,990,56470,54120,470.0,0.8199538461538461
1155,a320,38310.71428571428,39100,2080,60490,55580,470.0,0.8199178571428573
1156,a320,39717.64705882353,41000,4150,59820,50390,470.0,0.8200000000000001
1157,a320,36800.0,38400,2570,63170,57030,470.92105263157896,0.8199578947368421
1158,a320,32890.47619047619,34200,2770,69860,62990,477.0952380952381,0.82
1159,a320,36436.666666666664,38000,2180,63170,57930,471.1666666666667,0.8199166666666667
1160,a320,40969.642857142855,41000,3460,51120,43700,470.0,0.8200000000000001
1161,a320,41000.0,41000,3960,51790,43320,470.0,0.8200000000000001
1162,a320,37281.25,39500,3860,63840,54770,470.90625,0.819965625
1163,a320,38604.83870967742,40300,3760,61830,53110,470.0,0.8199725806451613
1164,a320,37832.0,39400,3170,62500,55060,470.26,0.8199539999999998
1165,a320,40955.555555555555,41000,2480,51790,46370,470.0,0.82
1166,a320,36874.242424242424,39400,3960,64500,55170,471.3636363636364,0.8199636363636364
1167,a320,40957.89473684211,41000,2570,52460,46800,470.0,0.82
1168,a320,39208.620689655174,40800,3660,60490,52080,470.0,0.8199706896551725
1169,a320,41000.0,41000,3960,51120,42690,470.0,0.8200000000000001
1170,a320,39554.05405405405,40600,2570,58480,52560,470.0,0.8199540540540541
1171,a320,32725.0,33000,600,65840,64310,477.5,0.82
1172,a320,34716.666666666664,36100,2480,64500,58530,473.27777777777777,0.82
1173,a320,41000.0,41000,3660,52460,44560,470.0,0.8200000000000001
1174,a320,40620.51282051282,41000,2670,55800,49790,470.0,0.8200000000000001
1175,a320,31711.53846153846,33100,3270,73870,65650,479.65384615384613,0.8200000000000001
1176,a320,40093.333333333336,40500,1290,55800,52800,470.0,0.8199533333333334
1177,a320,38507.692307692305,39000,990,58480,56100,470.0,0.8199538461538461
1178,a320,40988.709677419356,41000,3860,53800,45410,470.0,0.8200000000000001
1179,a320,40313.333333333336,41000,1190,55140,52360,469.93333333333334,0.8197933333333334
1180,a320,33948.275862068964,35800,3560,67850,59210,474.87931034482756,0.8200000000000001
1181,a320,32674.074074074073,34300,3360,71200,62860,477.5925925925926,0.8200000000000001
1182,a320,31516.666666666668,31800,500,67180,65880,480.0,0.82
1183,a320,37351.51515151515,39600,3960,63840,54540,470.8787878787879,0.819969696969697
1184,a320,34743.75,36000,1290,63170,60000,473.25,0.82
1185,a320,38965.38461538462,40400,3270,60490,52940,470.0,0.8199673076923077
1186,a320,40955.555555555555,41000,2480,52460,47010,470.0,0.82
1187,a320,33111.11111111111,33700,1590,67850,63870,476.6666666666667,0.82
1188,a320,37482.142857142855,39400,3460,63170,55020,470.625,0.8199589285714285
1189,a320,32083.333333333332,32400,500,65840,64550,478.8333333333333,0.82
1190,a320,40911.76470588235,41000,1490,51120,47790,470.0,0.82
1191,a320,40950.0,41000,2280,51790,46780,470.0,0.82
1192,a320,41000.0,41000,3860,52460,44150,470.0,0.8200000000000001
1193,a320,39263.333333333336,40900,3760,60490,51860,470.0,0.819975
1194,a320,34148.21428571428,36000,3460,67180,58800,474.5357142857143,0.8200000000000001
1195,a320,32336.666666666668,34000,3660,72540,63420,478.3333333333333,0.8200000000000001
1196,a320,38860.416666666664,40200,3070,60490,53380,470.0,0.8199645833333333
1197,a320,40866.666666666664,41000,700,51120,49500,470.0,0.82
1198,a320,32435.29411764706,33600,1290,69190,65910,478.1764705882353,0.82
1199,a320,40900.0,41000,800,52460,50610,470.0,0.82
1200,a320,32750.0,33500,1880,69190,64470,477.5,0.82
1201,a320,40963.04347826087,41000,2970,51790,45340,470.0,0.82
1202,a320,33525.0,33900,600,63840,62320,475.625,0.82
1203,a320,39948.275862068964,40700,2180,57140,52140,470.0,0.8199413793103448
1204,a320,41000.0,41000,3460,53130,45590,470.0,0.8200000000000001
1205,a320,39411.11111111111,40900,3460,59820,51880,470.0,0.8199685185185186
1206,a320,40746.666666666664,41000,1390,54470,51270,470.0,0.8200000000000001
1207,a320,39462.5,40100,1880,57810,53430,470.0,0.819925
1208,a320,32465.151515151516,34300,3960,72540,62720,478.0151515151515,0.8200000000000001
1209,a320,40933.333333333336,41000,2380,53800,48500,470.0,0.82
1210,a320,32342.105263157893,33500,2570,71200,64750,478.36842105263156,0.82
1211,a320,33888.63636363636,35400,2870,67180,60180,475.0681818181818,0.82
1212,a320,34373.333333333336,35200,1190,63840,60890,474.0,0.8200000000000001
1213,a320,39901.5625,41000,3960,59150,50190,470.0,0.8200000000000001
1214,a320,40786.36363636364,41000,1780,54470,50410,470.0,0.82
1215,a320,33751.666666666664,35700,3660,68520,59620,475.3333333333333,0.8200000000000001
1216,a320,40581.818181818184,41000,3460,56470,48740,470.0,0.8200000000000001
1217,a320,40967.307692307695,41000,3270,51790,44730,470.0,0.8200000000000001
1218,a320,38409.09090909091,38800,900,58480,56320,470.0,0.82
1219,a320,33353.333333333336,34000,1190,66510,63520,476.26666666666665,0.8200000000000001
1220,a320,40566.666666666664,41000,1190,54470,51710,470.0,0.8199799999999999
1221,a320,34273.07692307692,35300,1980,65170,60330,474.11538461538464,0.8200000000000001
1222,a320,32437.5,33400,2280,70530,64820,478.125,0.82
1223,a320,38866.19718309859,40800,4250,61830,52030,470.0,0.8199859154929577
1224,a320,32486.363636363636,33200,1780,69860,65360,478.09090909090907,0.82
1225,a320,36211.53846153846,37800,1980,63170,58380,471.34615384615387,0.8199
1226,a320,40937.142857142855,41000,2480,53800,48290,470.0,0.82
1227,a320,34681.818181818184,37900,3960,67850,58300,473.92424242424244,0.8199606060606062
1228,a320,34491.666666666664,35400,1880,64500,59910,473.875,0.82
1229,a320,39303.333333333336,40100,2180,58480,53430,470.0,0.8199433333333334
1230,a320,40354.545454545456,41000,4060,57810,48740,470.0,0.8200000000000001
1231,a320,39553.333333333336,41000,3760,59820,51240,470.0,0.8200000000000001
1232,a320,38276.31578947369,39400,2570,61160,55110,470.0,0.8199473684210526
1233,a320,40780.0,41000,800,53130,51270,470.0,0.82
1234,a320,41000.0,41000,4060,52460,43750,470.0,0.8200000000000001
1235,a320,41000.0,41000,4350,53130,43770,470.0,0.8200000000000001
1236,a320,33443.47826086957,34900,2970,68520,61240,476.0,0.82
1237,a320,39150.0,39300,500,53800,52590,470.0,0.82
1238,a320,34682.35294117647,36000,2380,64500,58760,473.44117647058823,0.82
1239,a320,34653.333333333336,35500,1190,63170,60230,473.46666666666664,0.8200000000000001
1240,a320,34616.21621621621,38000,4350,68520,58020,474.1621621621622,0.819964864864865
1241,a320,33180.0,34000,990,66510,64000,476.53333333333336,0.8200000000000001
1242,a320,32444.444444444445,34000,3360,71870,63500,478.1296296296296,0.8200000000000001
1243,a320,38007.142857142855,39700,3460,62500,54390,470.23214285714283,0.8199642857142858
1244,a320,41000.0,41000,3560,52460,44760,470.0,0.8200000000000001
1245,a320,39693.54838709677,40500,2280,57810,52570,470.0,0.8199419354838711
1246,a320,33340.38461538462,35000,3270,69190,61180,476.1730769230769,0.8200000000000001
1247,a320,38284.0,39700,3170,61830,54420,470.0,0.8199639999999999
1248,a320,38900.0,39400,600,55800,54360,470.0,0.82
1249,a320,36181.666666666664,38700,3660,65170,56460,471.9166666666667,0.8199733333333333
1250,a320,36998.21428571428,39100,3460,63840,55650,471.0357142857143,0.8199714285714287
1251,a320,40519.14893617021,41000,3070,56470,49580,470.0,0.82
1252,a320,39693.333333333336,40300,1190,56470,53680,469.93333333333334,0.8198133333333334
1253,a320,40569.230769230766,40900,1090,54470,51930,470.0,0.8199615384615384
1254,a320,40911.76470588235,41000,1490,53130,49740,470.0,0.82
1255,a320,35184.61538461538,36000,900,61160,58960,472.2307692307692,0.8200000000000001
1256,a320,40930.769230769234,41000,990,51120,48860,470.0,0.8200000000000001
1257,a320,40967.857142857145,41000,3460,52460,44960,470.0,0.8200000000000001
1258,a320,35333.333333333336,35500,700,59820,58100,472.22222222222223,0.82
1259,a320,40950.0,41000,2180,52460,47630,470.0,0.8200000000000001
1260,a320,32786.666666666664,33500,1090,67850,65080,477.46666666666664,0.8200000000000001
1261,a320,40936.36363636364,41000,1780,51120,47160,470.0,0.82
1262,a320,39100.0,39700,1780,58480,54300,470.0,0.8199227272727273
1263,a320,37650.0,37700,500,56470,55240,470.0,0.82
1264,a320,31751.85185185185,33200,3360,73870,65410,479.51851851851853,0.8200000000000001
1265,a320,31669.565217391304,33500,4150,75210,64770,479.7536231884058,0.8200000000000001
1266,a320,34237.5,35200,1880,65170,60560,474.1666666666667,0.82
1267,a320,32218.51851851852,33800,3360,72540,64130,478.55555555555554,0.8200000000000001
1268,a320,40365.71428571428,41000,2480,56470,50860,470.0,0.82
1269,a320,37740.625,39800,3860,63170,54140,470.546875,0.819971875
1270,a320,40825.0,41000,700,52460,50820,470.0,0.82
